1PGA,A,1,M,A,-0.14
1PGA,A,1,M,D,-0.38
1PGA,A,1,M,E,-0.64
1PGA,A,1,M,F,-1.14
1PGA,A,1,M,G,-0.3
1PGA,A,1,M,H,-0.67
1PGA,A,1,M,I,-0.43
1PGA,A,1,M,K,-0.27
1PGA,A,1,M,L,-0.46
1PGA,A,228,T,A,0.47
1PGA,A,228,T,D,0.55
1PGA,A,228,T,E,-0.13
1PGA,A,228,T,F,-0.3
1PGA,A,228,T,G,0.67
1PGA,A,228,T,H,0.13
1PGA,A,228,T,I,-1.0
1PGA,A,228,T,K,-0.31
1PGA,A,228,T,L,-0.54
1PGA,A,228,T,M,-1.0
1PGA,A,228,T,N,0.14
1PGA,A,228,T,R,-0.09
1PGA,A,228,T,S,-0.06
1PGA,A,229,Y,A,4.0
1PGA,A,229,Y,D,4.0
1PGA,A,229,Y,E,4.0
1PGA,A,229,Y,F,-0.55
1PGA,A,229,Y,G,1.44
1PGA,A,229,Y,H,4.0
1PGA,A,229,Y,I,3.29
1PGA,A,229,Y,K,-0.88
1PGA,A,229,Y,M,2.6
1PGA,A,229,Y,N,4.0
1PGA,A,229,Y,P,4.0
1PGA,A,229,Y,Q,4.0
1PGA,A,229,Y,R,1.22
1PGA,A,229,Y,S,4.0
1PGA,A,229,Y,T,4.0
1PGA,A,229,Y,V,4.0
1PGA,A,230,K,A,0.34
1PGA,A,230,K,D,2.05
1PGA,A,230,K,E,1.36
1PGA,A,230,K,F,-1.04
1PGA,A,230,K,G,1.23
1PGA,A,230,K,H,-0.74
1PGA,A,230,K,I,-1.08
1PGA,A,231,L,A,2.01
1PGA,A,231,L,D,4.0
1PGA,A,231,L,E,4.0
1PGA,A,231,L,F,0.47
1PGA,A,231,L,G,4.0
1PGA,A,231,L,H,4.0
1PGA,A,231,L,I,1.34
1PGA,A,231,L,K,4.0
1PGA,A,232,I,D,1.97
1PGA,A,232,I,G,3.08
1PGA,A,232,I,H,1.06
1PGA,A,233,L,D,3.11
1PGA,A,233,L,E,2.79
1PGA,A,233,L,F,-0.26
1PGA,A,233,L,G,4.0
1PGA,A,233,L,H,1.59
1PGA,A,233,L,I,-0.97
1PGA,A,233,L,K,2.76
1PGA,A,234,N,A,0.28
1PGA,A,234,N,D,-0.19
1PGA,A,234,N,E,0.01
1PGA,A,234,N,F,-0.35
1PGA,A,234,N,G,0.85
1PGA,A,234,N,H,-0.24
1PGA,A,234,N,I,-0.56
1PGA,A,234,N,K,-0.45
1PGA,A,234,N,L,-0.95
1PGA,A,234,N,M,-0.37
1PGA,A,235,G,A,0.25
1PGA,A,235,G,D,2.5
1PGA,A,235,G,E,2.0
1PGA,A,235,G,F,0.0
1PGA,A,236,K,A,-0.22
1PGA,A,236,K,D,0.5
1PGA,A,236,K,E,-0.55
1PGA,A,236,K,F,-0.22
1PGA,A,236,K,G,0.35
1PGA,A,236,K,H,-0.15
1PGA,A,236,K,I,-0.56
1PGA,A,237,T,D,-0.46
1PGA,A,237,T,E,-0.46
1PGA,A,237,T,F,-0.76
1PGA,A,237,T,G,0.01
1PGA,A,237,T,H,-0.42
1PGA,A,237,T,I,-0.56
1PGA,A,237,T,K,-0.35
1PGA,A,237,T,L,-0.38
1PGA,A,237,T,M,-0.39
1PGA,A,237,T,N,-0.17
1PGA,A,237,T,P,1.03
1PGA,A,237,T,Q,-0.59
1PGA,A,237,T,R,-0.39
1PGA,A,237,T,S,-0.3
1PGA,A,238,L,A,0.28
1PGA,A,238,L,D,0.68
1PGA,A,238,L,E,0.25
1PGA,A,238,L,F,-1.26
1PGA,A,238,L,G,0.28
1PGA,A,238,L,H,-0.28
1PGA,A,238,L,I,-0.99
1PGA,A,238,L,K,-0.6
1PGA,A,239,K,A,-0.21
1PGA,A,239,K,D,0.45
1PGA,A,239,K,E,-0.02
1PGA,A,239,K,F,-0.64
1PGA,A,239,K,G,0.35
1PGA,A,239,K,H,-0.45
1PGA,A,239,K,I,-0.23
1PGA,A,240,G,A,-0.51
1PGA,A,240,G,D,-0.1
1PGA,A,240,G,E,-0.53
1PGA,A,240,G,F,-0.67
1PGA,A,241,E,D,0.19
1PGA,A,242,T,D,1.04
1PGA,A,242,T,E,0.23
1PGA,A,242,T,F,-1.85
1PGA,A,242,T,G,1.21
1PGA,A,242,T,H,-0.51
1PGA,A,242,T,K,-0.32
1PGA,A,242,T,M,-0.7
1PGA,A,242,T,N,0.14
1PGA,A,242,T,P,1.99
1PGA,A,242,T,Q,-0.33
1PGA,A,242,T,R,-0.55
1PGA,A,242,T,S,-0.01
1PGA,A,243,T,A,0.21
1PGA,A,243,T,D,0.32
1PGA,A,243,T,E,-0.33
1PGA,A,243,T,F,-0.68
1PGA,A,243,T,G,1.05
1PGA,A,243,T,H,0.05
1PGA,A,243,T,I,-0.06
1PGA,A,243,T,K,0.08
1PGA,A,243,T,L,0.07
1PGA,A,243,T,M,-0.06
1PGA,A,243,T,N,0.13
1PGA,A,243,T,P,2.08
1PGA,A,243,T,Q,-0.28
1PGA,A,243,T,R,-0.21
1PGA,A,243,T,S,-0.39
1PGA,A,244,T,D,1.79
1PGA,A,244,T,E,0.67
1PGA,A,244,T,F,-0.56
1PGA,A,244,T,G,1.74
1PGA,A,244,T,H,0.42
1PGA,A,244,T,I,-0.84
1PGA,A,244,T,K,0.95
1PGA,A,244,T,L,-0.8
1PGA,A,244,T,M,-0.62
1PGA,A,244,T,N,0.87
1PGA,A,244,T,P,4.0
1PGA,A,244,T,Q,0.59
1PGA,A,244,T,R,0.44
1PGA,A,244,T,S,0.78
1PGA,A,245,E,A,-0.05
1PGA,A,245,E,D,-0.2
1PGA,A,247,V,A,-0.42
1PGA,A,247,V,D,-0.46
1PGA,A,247,V,E,-0.76
1PGA,A,247,V,F,-1.1
1PGA,A,247,V,G,-0.19
1PGA,A,247,V,H,-0.19
1PGA,A,247,V,I,-0.54
1PGA,A,247,V,K,-0.54
1PGA,A,247,V,L,-0.41
1PGA,A,247,V,M,-0.52
1PGA,A,247,V,N,-0.5
1PGA,A,247,V,Q,-0.27
1PGA,A,247,V,R,-0.51
1PGA,A,247,V,S,-0.44
1PGA,A,247,V,T,-0.13
1PGA,A,251,T,D,-0.23
1PGA,A,251,T,E,-0.62
1PGA,A,251,T,F,-0.39
1PGA,A,251,T,G,-0.17
1PGA,A,251,T,H,-0.67
1PGA,A,251,T,I,0.35
1PGA,A,251,T,K,0.08
1PGA,A,251,T,L,0.06
1PGA,A,251,T,M,-0.2
1PGA,A,251,T,N,-0.02
1PGA,A,251,T,Q,-0.47
1PGA,A,251,T,R,-0.03
1PGA,A,251,T,S,-0.51
1PGA,A,253,E,A,-0.41
1PGA,A,253,E,D,0.72
1PGA,A,254,K,A,-0.57
1PGA,A,254,K,D,-0.1
1PGA,A,254,K,E,-0.56
1PGA,A,254,K,F,-0.27
1PGA,A,254,K,H,-0.07
1PGA,A,254,K,I,-0.72
1PGA,A,255,V,D,0.22
1PGA,A,255,V,E,-0.12
1PGA,A,255,V,F,-0.59
1PGA,A,255,V,G,0.91
1PGA,A,255,V,H,-0.16
1PGA,A,255,V,I,-0.68
1PGA,A,255,V,K,-0.33
1PGA,A,255,V,L,-0.29
1PGA,A,255,V,M,-0.14
1PGA,A,255,V,N,0.22
1PGA,A,255,V,Q,-0.38
1PGA,A,255,V,R,-0.44
1PGA,A,255,V,S,0.17
1PGA,A,255,V,T,-0.41
1PGA,A,256,F,A,3.04
1PGA,A,256,F,D,0.5
1PGA,A,256,F,E,4.0
1PGA,A,257,K,A,0.44
1PGA,A,257,K,D,4.0
1PGA,A,257,K,E,0.78
1PGA,A,257,K,F,0.22
1PGA,A,257,K,H,4.0
1PGA,A,257,K,I,-0.19
1PGA,A,258,Q,A,-0.16
1PGA,A,258,Q,D,-0.05
1PGA,A,258,Q,E,-0.38
1PGA,A,258,Q,F,0.32
1PGA,A,258,Q,H,0.2
1PGA,A,258,Q,I,-0.11
1PGA,A,258,Q,K,-0.58
1PGA,A,258,Q,L,-0.14
1PGA,A,258,Q,M,-0.5
1PGA,A,258,Q,N,0.01
1PGA,A,258,Q,P,-0.61
1PGA,A,259,Y,D,4.0
1PGA,A,259,Y,E,1.74
1PGA,A,259,Y,F,-0.29
1PGA,A,259,Y,G,3.46
1PGA,A,259,Y,H,1.44
1PGA,A,259,Y,I,0.14
1PGA,A,259,Y,K,1.53
1PGA,A,259,Y,L,0.72
1PGA,A,259,Y,M,0.6
1PGA,A,259,Y,N,1.95
1PGA,A,259,Y,P,4.0
1PGA,A,259,Y,Q,1.34
1PGA,A,259,Y,R,1.72
1PGA,A,259,Y,S,2.09
1PGA,A,259,Y,T,1.64
1PGA,A,259,Y,V,0.44
1PGA,A,261,N,A,-0.59
1PGA,A,261,N,D,-0.16
1PGA,A,261,N,E,-0.75
1PGA,A,261,N,F,-1.0
1PGA,A,261,N,H,-0.04
1PGA,A,261,N,I,-0.68
1PGA,A,261,N,K,-1.04
1PGA,A,261,N,L,-0.85
1PGA,A,261,N,M,-0.18
1PGA,A,262,D,A,-0.4
1PGA,A,263,N,D,1.12
1PGA,A,263,N,E,0.0
1PGA,A,263,N,F,-1.01
1PGA,A,263,N,G,0.94
1PGA,A,263,N,H,-0.7
1PGA,A,263,N,I,-0.57
1PGA,A,263,N,K,-1.02
1PGA,A,263,N,L,-0.95
1PGA,A,263,N,M,-0.3
1PGA,A,264,G,A,0.29
1PGA,A,264,G,D,-0.05
1PGA,A,264,G,E,0.13
1PGA,A,264,G,F,0.2
1PGA,A,265,V,D,3.41
1PGA,A,265,V,E,0.27
1PGA,A,265,V,F,-0.67
1PGA,A,265,V,G,2.29
1PGA,A,265,V,H,1.57
1PGA,A,265,V,I,-0.91
1PGA,A,265,V,K,1.96
1PGA,A,265,V,L,-0.27
1PGA,A,265,V,M,0.27
1PGA,A,265,V,N,4.0
1PGA,A,265,V,P,2.31
1PGA,A,265,V,Q,1.52
1PGA,A,265,V,R,2.04
1PGA,A,265,V,S,1.7
1PGA,A,265,V,T,1.28
1PGA,A,266,D,A,-0.12
1PGA,A,267,G,D,4.0
1PGA,A,267,G,E,4.0
1PGA,A,267,G,F,2.32
1PGA,A,268,E,A,-0.68
1PGA,A,268,E,D,-0.61
1PGA,A,270,T,A,-0.4
1PGA,A,270,T,D,0.06
1PGA,A,270,T,E,-0.27
1PGA,A,270,T,F,-0.09
1PGA,A,270,T,G,0.18
1PGA,A,270,T,H,-0.31
1PGA,A,270,T,I,-0.52
1PGA,A,270,T,K,-0.21
1PGA,A,270,T,L,-0.07
1PGA,A,270,T,M,0.11
1PGA,A,270,T,N,0.0
1PGA,A,270,T,P,4.0
1PGA,A,270,T,Q,-0.22
1PGA,A,270,T,R,-0.11
1PGA,A,270,T,S,-0.36
1PGA,A,271,Y,A,4.0
1PGA,A,271,Y,D,1.05
1PGA,A,271,Y,E,4.0
1PGA,A,271,Y,F,0.05
1PGA,A,271,Y,G,4.0
1PGA,A,271,Y,H,4.0
1PGA,A,271,Y,I,2.24
1PGA,A,271,Y,K,3.12
1PGA,A,271,Y,M,2.49
1PGA,A,271,Y,N,4.0
1PGA,A,271,Y,P,4.0
1PGA,A,271,Y,Q,4.0
1PGA,A,271,Y,R,2.22
1PGA,A,271,Y,S,2.97
1PGA,A,271,Y,T,4.0
1PGA,A,271,Y,V,2.53
1PGA,A,275,T,D,0.84
1PGA,A,275,T,E,0.35
1PGA,A,275,T,F,0.69
1PGA,A,275,T,G,0.91
1PGA,A,275,T,H,0.47
1PGA,A,275,T,I,0.33
1PGA,A,275,T,K,0.03
1PGA,A,275,T,L,-0.21
1PGA,A,275,T,M,0.45
1PGA,A,275,T,N,-0.07
1PGA,A,275,T,P,4.0
1PGA,A,275,T,Q,0.39
1PGA,A,275,T,R,0.47
1PGA,A,275,T,S,-0.18
1PGA,A,276,K,A,0.19
1PGA,A,276,K,D,1.33
1PGA,A,276,K,E,1.09
1PGA,A,276,K,F,-0.34
1PGA,A,276,K,G,0.23
1PGA,A,276,K,H,-0.82
1PGA,A,276,K,I,1.52
1PGA,A,277,T,D,3.31
1PGA,A,277,T,E,0.76
1PGA,A,277,T,F,4.0
1PGA,A,277,T,G,2.48
1PGA,A,277,T,H,2.16
1PGA,A,277,T,I,0.3
1PGA,A,277,T,K,1.38
1PGA,A,277,T,L,1.05
1PGA,A,277,T,M,0.98
1PGA,A,277,T,N,2.19
1PGA,A,277,T,P,4.0
1PGA,A,277,T,Q,1.03
1PGA,A,277,T,R,1.85
1PGA,A,278,F,A,4.0
1PGA,A,278,F,D,4.0
1PGA,A,278,F,E,4.0
1PGA,A,279,T,P,4.0
1PGA,A,280,V,D,2.67
1PGA,A,280,V,E,4.0
1PGA,A,280,V,F,1.64
1PGA,A,280,V,G,4.0
1PGA,A,280,V,H,4.0
1PGA,A,280,V,I,-0.26
1PGA,A,280,V,K,4.0
1PGA,A,280,V,L,0.08
1PGA,A,280,V,M,0.68
1PGA,A,280,V,N,4.0
1PGA,A,280,V,P,-0.42
1PGA,A,280,V,Q,2.91
1PGA,A,280,V,R,4.0
1PGA,A,280,V,S,1.54
1PGA,A,280,V,T,1.68
1PGA,A,281,T,A,0.7
1PGA,A,281,T,D,0.33
1PGA,A,281,T,E,0.36
1PGA,A,281,T,F,0.19
1PGA,A,281,T,G,0.98
1PGA,A,281,T,H,0.66
1PGA,A,281,T,I,0.24
1PGA,A,281,T,K,0.64
1PGA,A,281,T,L,0.3
1PGA,A,281,T,M,0.48
1PGA,A,281,T,N,-0.34
1PGA,A,281,T,P,4.0
1PGA,A,281,T,Q,0.04
1PGA,A,281,T,R,0.13
1PGA,A,281,T,S,-0.35
1PGA,A,282,E,A,0.18
1PGA,A,282,E,D,0.1
1PGA,A,282,E,F,-1.03
1PGA,A,282,E,G,0.32
1PGA,A,282,E,H,1.06
1PGA,A,282,E,I,-0.02
1PGA,A,282,E,K,1.04
1PGA,A,282,E,L,0.14
1PGA,A,282,E,M,0.29
1PGA,A,282,E,N,-0.13
1PGA,A,282,E,P,0.66
1PGA,A,282,E,Q,-0.21
1PGA,A,282,E,R,1.34
1PGA,A,282,E,S,0.17
1PGA,A,282,E,T,0.2
1PGA,A,282,E,V,0.25
1PGA,A,282,E,Y,-0.68
1PGA,A,281,T,V,0.23
1PGA,A,281,T,Y,0.14
1PGA,A,280,V,Y,1.73
1PGA,A,278,F,G,4.0
1PGA,A,278,F,H,2.66
1PGA,A,278,F,I,0.24
1PGA,A,278,F,K,4.0
1PGA,A,278,F,M,2.71
1PGA,A,278,F,N,4.0
1PGA,A,278,F,P,1.72
1PGA,A,278,F,Q,4.0
1PGA,A,278,F,R,4.0
1PGA,A,278,F,S,4.0
1PGA,A,278,F,T,4.0
1PGA,A,278,F,V,2.99
1PGA,A,278,F,Y,0.34
1PGA,A,277,T,V,0.5
1PGA,A,277,T,Y,1.64
1PGA,A,276,K,L,-0.55
1PGA,A,276,K,M,0.05
1PGA,A,276,K,N,-0.38
1PGA,A,276,K,P,4.0
1PGA,A,276,K,Q,-1.17
1PGA,A,276,K,R,-0.76
1PGA,A,276,K,S,0.29
1PGA,A,276,K,T,1.17
1PGA,A,276,K,V,1.35
1PGA,A,276,K,Y,-0.46
1PGA,A,275,T,V,0.5
1PGA,A,275,T,Y,0.83
1PGA,A,274,A,D,-0.35
1PGA,A,274,A,E,-0.46
1PGA,A,274,A,F,0.0
1PGA,A,274,A,G,0.12
1PGA,A,274,A,H,0.08
1PGA,A,274,A,I,-0.07
1PGA,A,274,A,K,-0.5
1PGA,A,274,A,L,-0.51
1PGA,A,274,A,M,0.04
1PGA,A,274,A,N,-0.13
1PGA,A,274,A,Q,-0.54
1PGA,A,274,A,R,-0.12
1PGA,A,274,A,S,-0.29
1PGA,A,274,A,T,-0.16
1PGA,A,274,A,V,-0.33
1PGA,A,274,A,Y,-0.41
1PGA,A,273,D,E,-0.69
1PGA,A,273,D,F,-0.58
1PGA,A,273,D,G,-0.25
1PGA,A,273,D,H,0.17
1PGA,A,273,D,I,-0.74
1PGA,A,273,D,K,-0.33
1PGA,A,273,D,L,0.33
1PGA,A,273,D,M,0.75
1PGA,A,273,D,N,-0.35
1PGA,A,273,D,P,-0.9
1PGA,A,273,D,Q,-0.58
1PGA,A,273,D,R,-0.18
1PGA,A,273,D,S,-0.46
1PGA,A,273,D,T,0.07
1PGA,A,273,D,V,0.01
1PGA,A,273,D,Y,-0.35
1PGA,A,272,D,E,0.05
1PGA,A,272,D,F,0.52
1PGA,A,272,D,G,2.67
1PGA,A,272,D,H,0.84
1PGA,A,272,D,I,0.57
1PGA,A,272,D,K,0.61
1PGA,A,272,D,L,0.53
1PGA,A,272,D,M,0.84
1PGA,A,272,D,N,-0.47
1PGA,A,272,D,P,4.0
1PGA,A,272,D,Q,0.38
1PGA,A,272,D,R,1.72
1PGA,A,272,D,S,0.2
1PGA,A,272,D,T,0.8
1PGA,A,272,D,V,0.51
1PGA,A,272,D,Y,1.31
1PGA,A,270,T,V,0.1
1PGA,A,270,T,Y,-0.4
1PGA,A,268,E,F,-0.63
1PGA,A,268,E,G,0.88
1PGA,A,268,E,H,-0.03
1PGA,A,268,E,I,-1.19
1PGA,A,268,E,K,-0.65
1PGA,A,268,E,L,-0.61
1PGA,A,268,E,M,-0.42
1PGA,A,268,E,N,-0.25
1PGA,A,268,E,P,1.26
1PGA,A,268,E,Q,-0.71
1PGA,A,268,E,R,-0.55
1PGA,A,268,E,S,-0.01
1PGA,A,268,E,T,-0.13
1PGA,A,268,E,V,-0.28
1PGA,A,268,E,Y,-0.69
1PGA,A,267,G,H,4.0
1PGA,A,267,G,I,-0.58
1PGA,A,267,G,K,2.41
1PGA,A,267,G,L,4.0
1PGA,A,267,G,M,-0.19
1PGA,A,267,G,N,4.0
1PGA,A,267,G,P,4.0
1PGA,A,267,G,Q,4.0
1PGA,A,267,G,R,-0.43
1PGA,A,267,G,S,4.0
1PGA,A,267,G,T,4.0
1PGA,A,267,G,V,4.0
1PGA,A,267,G,Y,2.49
1PGA,A,266,D,E,-0.5
1PGA,A,266,D,F,-0.82
1PGA,A,266,D,G,0.16
1PGA,A,266,D,H,4.0
1PGA,A,266,D,I,-0.59
1PGA,A,266,D,K,-0.55
1PGA,A,266,D,L,-0.17
1PGA,A,266,D,M,-0.46
1PGA,A,266,D,N,-0.67
1PGA,A,266,D,P,1.72
1PGA,A,266,D,Q,-0.72
1PGA,A,266,D,R,-0.55
1PGA,A,266,D,S,-0.56
1PGA,A,266,D,T,-0.57
1PGA,A,266,D,V,-0.59
1PGA,A,266,D,Y,-0.84
1PGA,A,265,V,Y,0.42
1PGA,A,264,G,H,-0.5
1PGA,A,264,G,I,1.44
1PGA,A,264,G,K,-0.29
1PGA,A,264,G,L,-0.04
1PGA,A,264,G,M,0.47
1PGA,A,264,G,N,-0.3
1PGA,A,264,G,P,2.74
1PGA,A,264,G,Q,-0.19
1PGA,A,264,G,R,0.42
1PGA,A,264,G,S,0.17
1PGA,A,264,G,T,1.01
1PGA,A,264,G,V,1.31
1PGA,A,264,G,Y,0.43
1PGA,A,263,N,P,3.69
1PGA,A,263,N,Q,-0.94
1PGA,A,263,N,R,-0.42
1PGA,A,263,N,S,-0.22
1PGA,A,263,N,T,-0.08
1PGA,A,263,N,V,-0.48
1PGA,A,263,N,Y,-0.78
1PGA,A,262,D,E,-1.05
1PGA,A,262,D,F,0.06
1PGA,A,262,D,G,0.95
1PGA,A,262,D,H,0.09
1PGA,A,262,D,I,-0.28
1PGA,A,262,D,K,-0.2
1PGA,A,262,D,L,-0.29
1PGA,A,262,D,M,-0.5
1PGA,A,262,D,N,-0.49
1PGA,A,262,D,Q,-0.41
1PGA,A,262,D,R,-0.41
1PGA,A,262,D,S,-0.46
1PGA,A,262,D,T,0.2
1PGA,A,262,D,V,-0.3
1PGA,A,262,D,Y,-0.43
1PGA,A,261,N,P,4.0
1PGA,A,261,N,Q,-0.84
1PGA,A,261,N,R,-0.33
1PGA,A,261,N,S,-0.76
1PGA,A,261,N,T,-0.48
1PGA,A,261,N,V,-0.42
1PGA,A,261,N,Y,-0.93
1PGA,A,260,A,D,4.0
1PGA,A,260,A,E,2.6
1PGA,A,260,A,F,1.85
1PGA,A,260,A,H,3.19
1PGA,A,260,A,I,0.67
1PGA,A,260,A,K,2.81
1PGA,A,260,A,L,-0.11
1PGA,A,260,A,M,0.45
1PGA,A,260,A,N,1.46
1PGA,A,260,A,P,4.0
1PGA,A,260,A,Q,2.33
1PGA,A,260,A,R,2.93
1PGA,A,260,A,S,0.53
1PGA,A,260,A,T,0.38
1PGA,A,260,A,V,-0.02
1PGA,A,260,A,Y,2.0
1PGA,A,258,Q,R,-0.39
1PGA,A,258,Q,S,-0.2
1PGA,A,258,Q,T,-0.32
1PGA,A,258,Q,V,0.13
1PGA,A,258,Q,Y,0.39
1PGA,A,257,K,L,-0.17
1PGA,A,257,K,M,-0.39
1PGA,A,257,K,N,0.58
1PGA,A,257,K,P,4.0
1PGA,A,257,K,Q,-0.45
1PGA,A,257,K,R,4.0
1PGA,A,257,K,S,0.72
1PGA,A,257,K,T,0.48
1PGA,A,257,K,V,-0.19
1PGA,A,257,K,Y,0.48
1PGA,A,256,F,G,4.0
1PGA,A,256,F,H,4.0
1PGA,A,256,F,I,4.0
1PGA,A,256,F,K,4.0
1PGA,A,256,F,M,1.66
1PGA,A,256,F,N,4.0
1PGA,A,256,F,P,4.0
1PGA,A,256,F,Q,4.0
1PGA,A,256,F,R,0.28
1PGA,A,256,F,S,4.0
1PGA,A,256,F,T,4.0
1PGA,A,256,F,V,2.53
1PGA,A,256,F,Y,-0.91
1PGA,A,255,V,Y,-0.19
1PGA,A,254,K,L,-0.31
1PGA,A,254,K,M,-0.58
1PGA,A,254,K,N,-0.44
1PGA,A,254,K,P,1.23
1PGA,A,254,K,Q,-0.61
1PGA,A,254,K,R,-0.91
1PGA,A,254,K,S,-0.36
1PGA,A,254,K,T,-0.19
1PGA,A,254,K,V,-0.23
1PGA,A,254,K,Y,-0.25
1PGA,A,253,E,F,-1.92
1PGA,A,253,E,G,-0.01
1PGA,A,253,E,H,4.0
1PGA,A,253,E,I,-0.1
1PGA,A,253,E,K,-0.83
1PGA,A,253,E,L,-1.82
1PGA,A,253,E,M,-0.93
1PGA,A,253,E,N,1.64
1PGA,A,253,E,P,4.0
1PGA,A,253,E,Q,-0.44
1PGA,A,253,E,R,-0.44
1PGA,A,253,E,S,0.36
1PGA,A,253,E,T,1.04
1PGA,A,253,E,V,0.91
1PGA,A,253,E,Y,-0.26
1PGA,A,252,A,D,4.0
1PGA,A,252,A,E,4.0
1PGA,A,252,A,F,4.0
1PGA,A,252,A,H,4.0
1PGA,A,252,A,I,4.0
1PGA,A,252,A,K,4.0
1PGA,A,252,A,L,4.0
1PGA,A,252,A,M,4.0
1PGA,A,252,A,N,4.0
1PGA,A,252,A,P,4.0
1PGA,A,252,A,Q,4.0
1PGA,A,252,A,R,4.0
1PGA,A,252,A,S,2.33
1PGA,A,252,A,T,4.0
1PGA,A,252,A,V,2.41
1PGA,A,252,A,Y,4.0
1PGA,A,251,T,V,0.1
1PGA,A,251,T,Y,-0.1
1PGA,A,250,A,D,-0.27
1PGA,A,250,A,E,-0.67
1PGA,A,250,A,F,-0.62
1PGA,A,250,A,G,-0.15
1PGA,A,250,A,H,0.39
1PGA,A,250,A,I,-0.55
1PGA,A,250,A,K,-0.78
1PGA,A,250,A,L,-0.27
1PGA,A,250,A,M,-0.41
1PGA,A,250,A,N,0.24
1PGA,A,250,A,Q,-0.05
1PGA,A,250,A,R,-0.54
1PGA,A,250,A,S,-0.22
1PGA,A,250,A,T,-0.23
1PGA,A,250,A,V,-0.19
1PGA,A,250,A,Y,-0.44
1PGA,A,249,A,D,0.44
1PGA,A,249,A,E,-0.04
1PGA,A,249,A,F,-0.59
1PGA,A,249,A,G,0.83
1PGA,A,249,A,H,0.2
1PGA,A,249,A,I,-0.56
1PGA,A,249,A,K,-0.48
1PGA,A,249,A,L,-0.22
1PGA,A,249,A,M,-0.51
1PGA,A,249,A,N,0.19
1PGA,A,249,A,P,0.14
1PGA,A,249,A,Q,-0.8
1PGA,A,249,A,R,-0.59
1PGA,A,249,A,S,-0.16
1PGA,A,249,A,T,-0.32
1PGA,A,249,A,V,-0.38
1PGA,A,249,A,Y,-0.38
1PGA,A,248,D,E,0.82
1PGA,A,248,D,F,1.08
1PGA,A,248,D,H,0.99
1PGA,A,248,D,I,2.21
1PGA,A,248,D,K,1.22
1PGA,A,248,D,L,1.18
1PGA,A,248,D,M,1.35
1PGA,A,248,D,N,-0.21
1PGA,A,248,D,P,2.93
1PGA,A,248,D,Q,1.21
1PGA,A,248,D,R,1.47
1PGA,A,248,D,S,-0.62
1PGA,A,248,D,T,0.44
1PGA,A,248,D,V,1.43
1PGA,A,248,D,Y,1.17
1PGA,A,247,V,Y,-0.64
1PGA,A,246,A,D,1.65
1PGA,A,246,A,E,0.58
1PGA,A,246,A,F,1.73
1PGA,A,246,A,H,1.91
1PGA,A,246,A,I,1.86
1PGA,A,246,A,K,1.77
1PGA,A,246,A,L,2.03
1PGA,A,246,A,M,1.43
1PGA,A,246,A,N,2.85
1PGA,A,246,A,P,3.48
1PGA,A,246,A,Q,-0.12
1PGA,A,246,A,R,1.47
1PGA,A,246,A,S,0.2
1PGA,A,246,A,T,0.95
1PGA,A,246,A,V,0.88
1PGA,A,246,A,Y,1.94
1PGA,A,245,E,F,-0.84
1PGA,A,245,E,G,1.47
1PGA,A,245,E,H,-0.02
1PGA,A,245,E,I,-0.93
1PGA,A,245,E,K,-0.42
1PGA,A,245,E,L,-0.37
1PGA,A,245,E,M,-0.19
1PGA,A,245,E,N,-0.64
1PGA,A,245,E,P,0.78
1PGA,A,245,E,Q,-0.52
1PGA,A,245,E,R,-0.72
1PGA,A,245,E,S,-0.11
1PGA,A,245,E,T,-0.65
1PGA,A,245,E,V,0.09
1PGA,A,245,E,Y,-0.77
1PGA,A,244,T,V,-0.39
1PGA,A,244,T,Y,-0.16
1PGA,A,243,T,V,-0.18
1PGA,A,243,T,Y,-0.71
1PGA,A,242,T,Y,-1.31
1PGA,A,241,E,F,-0.57
1PGA,A,241,E,G,0.22
1PGA,A,241,E,H,0.25
1PGA,A,241,E,I,-0.6
1PGA,A,241,E,K,-0.13
1PGA,A,241,E,L,-0.16
1PGA,A,241,E,M,-0.72
1PGA,A,241,E,N,-0.16
1PGA,A,241,E,P,1.98
1PGA,A,241,E,Q,-0.87
1PGA,A,241,E,R,-0.28
1PGA,A,241,E,S,-0.17
1PGA,A,241,E,T,-0.01
1PGA,A,241,E,V,-0.92
1PGA,A,241,E,Y,-0.66
1PGA,A,240,G,H,-0.08
1PGA,A,240,G,I,-0.81
1PGA,A,240,G,K,-0.72
1PGA,A,240,G,L,-1.25
1PGA,A,240,G,M,-0.94
1PGA,A,240,G,N,-0.03
1PGA,A,240,G,P,0.88
1PGA,A,240,G,Q,-0.52
1PGA,A,240,G,R,-0.87
1PGA,A,240,G,S,-0.51
1PGA,A,240,G,T,-0.39
1PGA,A,240,G,V,-0.52
1PGA,A,240,G,Y,-0.24
1PGA,A,239,K,L,0.06
1PGA,A,239,K,M,-0.32
1PGA,A,239,K,N,-0.01
1PGA,A,239,K,P,0.99
1PGA,A,239,K,Q,-1.07
1PGA,A,239,K,R,-0.33
1PGA,A,239,K,S,-0.57
1PGA,A,239,K,T,-0.25
1PGA,A,239,K,V,-0.53
1PGA,A,239,K,Y,-0.69
1PGA,A,238,L,M,-0.34
1PGA,A,238,L,N,-0.09
1PGA,A,238,L,P,1.23
1PGA,A,238,L,Q,-0.14
1PGA,A,238,L,R,-0.24
1PGA,A,238,L,S,0.06
1PGA,A,238,L,T,-0.42
1PGA,A,238,L,V,-0.63
1PGA,A,238,L,Y,-1.78
1PGA,A,237,T,V,-0.54
1PGA,A,237,T,Y,-0.3
1PGA,A,236,K,L,-0.72
1PGA,A,236,K,M,-0.25
1PGA,A,236,K,N,-0.1
1PGA,A,236,K,P,0.18
1PGA,A,236,K,Q,-0.11
1PGA,A,236,K,R,-0.65
1PGA,A,236,K,S,0.13
1PGA,A,236,K,T,-0.2
1PGA,A,236,K,V,-0.41
1PGA,A,236,K,Y,-0.51
1PGA,A,235,G,H,1.22
1PGA,A,235,G,I,0.59
1PGA,A,235,G,K,1.23
1PGA,A,235,G,L,-0.32
1PGA,A,235,G,M,0.55
1PGA,A,235,G,N,1.29
1PGA,A,235,G,Q,1.06
1PGA,A,235,G,R,0.88
1PGA,A,235,G,S,-0.03
1PGA,A,235,G,T,-0.3
1PGA,A,235,G,V,0.42
1PGA,A,235,G,Y,0.54
1PGA,A,234,N,P,1.45
1PGA,A,234,N,Q,-0.29
1PGA,A,234,N,R,-0.64
1PGA,A,234,N,S,0.04
1PGA,A,234,N,T,0.61
1PGA,A,234,N,V,-0.13
1PGA,A,234,N,Y,-0.21
1PGA,A,233,L,M,-0.5
1PGA,A,233,L,N,4.0
1PGA,A,233,L,P,2.88
1PGA,A,233,L,Q,1.54
1PGA,A,233,L,R,2.07
1PGA,A,233,L,S,1.79
1PGA,A,233,L,T,1.14
1PGA,A,233,L,V,-0.08
1PGA,A,233,L,Y,0.02
1PGA,A,232,I,M,0.5
1PGA,A,232,I,P,4.0
1PGA,A,232,I,Q,0.58
1PGA,A,232,I,S,1.38
1PGA,A,232,I,Y,0.21
1PGA,A,231,L,M,0.68
1PGA,A,231,L,N,4.0
1PGA,A,231,L,P,1.65
1PGA,A,231,L,Q,4.0
1PGA,A,231,L,R,-0.72
1PGA,A,231,L,S,4.0
1PGA,A,231,L,T,4.0
1PGA,A,231,L,V,1.25
1PGA,A,231,L,Y,2.76
1PGA,A,230,K,L,0.21
1PGA,A,230,K,M,-0.49
1PGA,A,230,K,N,0.21
1PGA,A,230,K,P,4.0
1PGA,A,230,K,Q,0.17
1PGA,A,230,K,R,-0.77
1PGA,A,230,K,S,-0.18
1PGA,A,230,K,T,-0.48
1PGA,A,230,K,V,0.27
1PGA,A,230,K,Y,-0.82
1PGA,A,228,T,V,-1.31
1PGA,A,228,T,Y,-0.15
1PGA,A,1,M,N,-0.43
1PGA,A,1,M,P,-0.06
1PGA,A,1,M,Q,-0.4
1PGA,A,1,M,R,-0.51
1PGA,A,1,M,S,-0.68
1PGA,A,1,M,T,-0.5
1PGA,A,1,M,V,-0.27
1PGA,A,1,M,Y,-0.68
3PG0,A,78,Q,I,2.7
3PG0,A,90,R,L,0.0
3PG0,A,93,D,P,0.0
3PG0,A,85,D,P,-0.2
3PG0,A,68,A,G,0.0
3PG0,A,66,E,L,0.9
3PG0,A,66,E,Y,0.6
3PG0,A,62,A,V,-0.5
3PG0,A,53,K,V,-0.8
3PG0,A,49,D,N,-0.2
1RX4,A,115,I,A,1.0
1RX4,A,133,W,F,0.0
1RX4,A,133,W,V,2.87
1RX4,A,145,A,T,0.27
1RX4,A,115,I,V,-1.6
3D2A,A,46,A,S,-0.18
3D2A,A,48,F,T,-0.52
3D2A,A,64,R,P,-0.04
3D2A,A,78,T,S,-0.96
3D2A,A,140,T,V,-0.34
3D2A,A,111,G,S,-0.11
3D2A,A,165,M,R,-0.25
3D2A,A,165,M,D,-0.16
3D2A,A,186,G,S,-1.05
3D2A,A,192,Y,N,0.09
3D2A,A,205,N,T,-0.36
2CI2,I,50,I,A,2.12
2CI2,I,50,I,G,3.52
2CI2,I,50,I,T,1.34
2CI2,I,22,K,M,0.67
2CI2,I,27,E,Q,0.62
2CI2,I,35,E,D,0.74
2CI2,I,35,E,N,1.07
1SHF,A,107,E,T,0.6
1SHF,A,107,E,V,2.0
1SHF,A,107,E,Y,2.4
1SHF,A,124,S,V,1.1
1SHF,A,124,S,F,1.9
2ABD,A,6,F,A,2.52
2ABD,A,10,A,G,1.81
2ABD,A,22,D,H,0.56
1YCC,A,88,F,Y,0.7
1YCC,A,91,L,A,2.8
1C2R,A,56,P,A,2.0
1C2R,A,55,G,S,2.2
1ANK,A,84,D,H,1.4
1ANK,A,85,G,V,2.4
1ANK,A,86,F,L,0.8
1ROP,A,30,D,G,-2.0
1ROP,A,30,D,Q,-1.8
1ROP,A,30,D,E,-1.0
1ROP,A,30,D,S,-1.0
1ROP,A,30,D,K,-0.9
1ROP,A,30,D,H,-0.9
1ROP,A,30,D,C,-0.8
1ROP,A,30,D,R,-0.8
1ROP,A,30,D,N,-0.8
1ROP,A,30,D,M,-0.6
1ROP,A,30,D,I,0.8
1ROP,A,30,D,P,1.6
1ARR,A,8,P,L,-2.55
1POH,A,46,S,D,-1.4
1SUP,A,325,N,S,-1.07
1SUP,A,324,Y,K,-0.72
1SUP,A,313,Q,C,-1.25
1YCC,A,108,C,S,-2.8
1YCC,A,108,C,A,-2.9
1HUE,A,27,A,S,1.19
1HUE,A,42,V,I,0.82
1TPK,A,280,V,T,1.0
1TPK,A,280,V,L,1.9
1TPK,A,280,V,A,2.0
1TPK,A,280,V,M,2.2
1TPK,A,280,V,S,2.4
2CI2,I,38,K,G,0.97
451C,A,29,F,A,-1.1
451C,A,56,F,Y,-1.9
451C,A,59,Q,R,-0.5
2HPR,A,46,S,D,-0.7
1AM7,A,31,H,D,1.6
1AM7,A,48,H,N,5.0
1RTP,1,27,H,P,-1.25
1RTP,1,22,A,P,1.92
1IRO,A,33,I,L,-0.76
1AAR,A,676,H,Q,-0.6
1AJ3,A,1784,W,Y,0.2
1AM7,A,31,H,N,-1.8
1AQH,A,82,Q,C,-1.9
1AYF,A,73,D,E,-0.5
1AYF,A,140,Y,W,0.2
1B26,A,191,R,A,0.1
1B5M,A,31,R,H,-1.4
1B5M,A,97,P,A,0.7
1BCX,A,126,V,C,-1.3
1BCX,A,128,S,C,-3.0
1BRF,A,2,A,K,0.6
1CAH,A,60,L,C,0.1
1CAH,A,123,W,C,0.0
1CAH,A,255,I,C,0.3
1CAH,A,68,V,C,1.2
1CAH,A,56,S,C,0.5
1CSP,A,39,K,E,0.1
1CSP,A,20,V,Q,1.6
1CSP,A,43,E,G,-2.8
1CSP,A,55,N,S,0.2
1CYO,A,50,V,G,1.9
1CYO,A,50,V,T,1.0
1G6N,A,129,S,A,0.3
1G6N,A,129,S,P,-0.1
1HME,A,135,N,H,-0.3
1HUE,A,69,M,I,0.0
1IGV,A,21,E,Q,-0.3
1KFW,A,291,G,P,0.7
1RRO,A,22,P,A,0.7
1RRO,A,27,P,A,0.7
1SSO,A,30,I,V,0.4
1W4E,A,159,L,G,1.9
1W4E,A,130,I,G,1.4
1W4E,A,159,L,A,2.0
1W4E,A,167,L,A,1.2
1W4E,A,146,I,A,2.7
1W4E,A,130,I,A,0.7
1W4E,A,129,V,G,1.0
1W4E,A,149,V,G,4.1
1W4E,A,164,D,G,3.7
1W4E,A,141,E,A,0.7
1W4E,A,144,V,A,2.0
1W4E,A,149,V,A,2.8
1W4E,A,158,V,A,3.2
1W4E,A,135,V,A,1.5
1W4E,A,129,V,A,0.7
1W4E,A,145,D,A,2.1
1W4E,A,164,D,A,2.3
1W4E,A,159,L,V,0.6
1W4E,A,167,L,V,0.2
1W4E,A,146,I,V,1.2
1W4E,A,163,I,V,0.5
1W4E,A,130,I,V,0.2
1W4E,A,131,A,G,1.7
1W4E,A,139,A,G,2.3
1W4E,A,165,A,G,0.9
1W4E,A,168,A,G,0.3
1W4E,A,138,Y,F,2.0
1W4E,A,141,E,Q,0.4
1W4E,A,145,D,N,0.9
1W4E,A,164,D,N,1.9
1W4E,A,162,D,N,2.0
1YCC,A,7,G,A,1.3
1YCC,A,58,N,G,-0.9
1YCC,A,39,H,P,0.8
1YCC,A,29,G,S,1.5
1YCC,A,58,N,I,-4.2
2AKY,A,171,N,D,2.1
2CI2,I,48,Q,M,-0.3
2CI2,I,34,E,A,-0.6
2TRX,A,78,T,C,-2.1
1AYE,A,20,E,G,1.0
1AZP,A,4,V,A,2.1
1AZP,A,7,K,A,0.3
1AZP,A,12,E,A,0.3
1AZP,A,15,V,A,2.3
1AZP,A,17,T,A,1.5
1AZP,A,18,S,A,0.1
1AZP,A,23,V,A,0.2
1AZP,A,25,R,A,0.4
1AZP,A,30,V,A,2.6
1AZP,A,31,S,A,-0.7
1AZP,A,32,F,A,2.7
1AZP,A,35,D,A,0.5
1AZP,A,40,T,A,0.8
1AZP,A,42,R,A,0.6
1AZP,A,44,A,G,1.3
1AZP,A,45,V,A,1.6
1AZP,A,46,S,A,-0.2
1AZP,A,50,A,G,2.1
1AZP,A,56,D,G,0.7
1AZP,A,58,L,A,0.7
1C9O,A,3,R,A,1.5
1C9O,A,55,N,K,0.0
1CHK,A,141,W,F,3.4
1CSP,A,3,E,L,-1.0
1CSP,A,5,K,E,2.3
1CSP,A,25,D,K,1.3
1CSP,A,46,A,E,0.3
1CSP,A,55,N,K,0.0
1CSP,A,65,K,Q,0.6
1CYO,A,50,V,E,2.4
1FXA,A,43,R,A,2.4
1FXA,A,49,T,A,-0.1
1FXA,A,66,F,A,1.0
1FXA,A,95,E,Q,-0.6
1HZ6,A,115,I,V,0.6
1HZ6,A,116,K,A,0.9
1HZ6,A,117,A,G,2.4
1HZ6,A,126,T,A,1.2
1HZ6,A,135,F,G,3.1
1HZ6,A,135,F,L,0.4
1HZ6,A,138,A,G,2.5
1HZ6,A,140,S,G,0.8
1HZ6,A,143,Y,G,2.8
1HZ6,A,145,Y,A,2.5
1HZ6,A,148,T,G,0.2
1HZ6,A,155,E,A,0.2
1HZ6,A,158,V,A,0.9
1HZ6,A,163,K,A,0.1
1HZ6,A,165,Y,L,-0.4
1HZ6,A,166,T,A,1.8
1HZ6,A,167,L,A,3.8
1HZ6,A,168,N,A,1.7
1HZ6,A,169,I,A,4.7
1HZ6,A,169,I,V,1.7
1HZ6,A,170,K,A,0.5
1HZ6,A,171,F,L,3.3
1POH,A,46,S,N,-0.4
1RTB,A,30,A,S,0.5
2CI2,I,46,E,Q,0.6
2CI2,I,82,R,A,0.6
2CI2,I,75,D,N,0.0
2CI2,I,77,I,V,-0.2
8TIM,A,179,Q,A,-0.1
8TIM,A,193,K,A,-1.0
1AYE,A,72,V,A,1.1
1TEN,A,803,L,A,2.1
1TEN,A,806,P,A,2.7
1TEN,A,811,V,A,1.4
1TEN,A,826,P,A,1.7
1TEN,A,833,I,A,3.3
1TEN,A,837,Y,F,0.4
1TEN,A,843,P,A,0.5
1TEN,A,858,Y,G,4.1
1TEN,A,865,P,A,0.9
1TEN,A,867,T,A,2.0
1TEN,A,884,P,A,0.1
1TEN,A,887,E,A,-1.6
1TEN,A,889,F,A,5.4
1TEN,A,891,T,S,1.9
1TEN,A,891,T,A,3.4
1RX4,A,66,P,A,-1.3
1SHF,A,124,S,G,1.7
1C9O,A,2,Q,L,-0.6
1K9Q,A,194,D,T,-0.3
2AFG,A,124,V,L,0.6
1YCC,A,58,N,V,-1.7
1OTR,B,309,V,A,3.0
1OTR,B,309,V,N,5.4
1OTR,B,309,V,T,3.7
1OTR,B,338,E,C,-0.9
1OTR,B,338,E,I,-1.6
1OTR,B,338,E,K,2.1
1OTR,B,338,E,P,2.1
1OTR,B,338,E,Q,1.5
1OTR,B,338,E,T,-1.5
1OTR,B,338,E,W,-1.3
1OTR,B,334,I,L,2.0
1OTR,B,340,I,F,0.9
1OTR,B,340,I,L,1.3
1OTR,B,340,I,V,0.8
1OTR,B,371,L,A,2.8
1OTR,B,371,L,N,3.4
1OTR,B,371,L,S,3.3
1OTR,B,371,L,T,2.9
1OTR,B,345,Q,L,0.3
1OTR,B,345,Q,N,2.6
1OTR,B,345,Q,S,1.3
1OTR,B,345,Q,T,0.4
1OTR,B,345,Q,V,0.1
1OTR,B,321,V,A,1.6
1OTR,B,321,V,N,4.9
1OTR,B,321,V,T,1.9
1APS,A,31,A,G,1.6
2IMM,A,100,A,G,0.0
2IMM,A,15,A,L,-1.4
1BLC,A,170,D,N,0.4
1APS,A,30,E,D,3.5
1APS,A,84,E,D,1.5
1FXA,A,95,E,D,1.1
1SHF,A,107,E,G,2.3
1SHF,A,107,E,I,2.7
1SHF,A,107,E,R,3.4
1FXA,A,66,F,I,0.9
1APS,A,23,F,L,1.3
1APS,A,95,F,L,4.3
1FXA,A,66,F,W,0.6
2IMM,A,32,F,Y,-0.4
1FXA,A,66,F,Y,0.5
1APS,A,46,G,A,1.7
1SHF,A,128,G,A,1.8
2WSY,A,211,G,S,-0.2
1AKK,A,34,H,F,-0.7
1FRD,A,43,H,R,-4.0
1AKK,A,27,H,V,3.8
1APS,A,76,I,V,1.4
1ARR,A,46,K,A,0.0
2IMM,A,24,K,R,0.2
1LVE,A,56,K,T,1.3
1APS,A,90,L,A,1.7
1LVE,A,35,L,P,1.5
1APS,A,62,M,A,4.0
2IMM,A,21,M,I,-0.2
2IMM,A,21,M,L,0.3
1ARR,A,34,N,A,0.0
1AKK,A,53,N,I,3.1
2IMM,A,90,N,Q,-1.1
1APS,A,55,P,A,0.5
1APS,A,72,P,A,1.6
1YEA,A,86,P,G,1.2
1LVE,A,66,P,L,1.7
2IMM,A,43,P,S,0.2
1YEA,A,81,P,T,0.8
1AKK,A,31,P,V,5.0
2IMM,A,79,Q,E,0.4
1FXA,A,43,R,H,1.4
1SHF,A,124,S,D,2.0
1SHF,A,124,S,K,-0.1
1SHF,A,124,S,L,0.4
1SHF,A,124,S,R,0.2
1APS,A,43,T,A,1.8
1SHF,A,127,T,A,2.6
1LVE,A,120,T,H,-0.7
1C9O,A,31,T,S,-0.1
2IMM,A,69,T,S,-0.3
1APS,A,79,T,S,1.4
1APS,A,14,V,A,2.6
1APS,A,18,V,A,1.8
1APS,A,21,V,A,0.3
1APS,A,36,V,A,2.5
1APS,A,40,V,A,1.6
1APS,A,48,V,A,1.9
1APS,A,52,V,A,1.9
1APS,A,65,W,A,1.5
1A43,A,316,W,A,0.7
1APS,A,39,W,F,0.0
1TEN,A,869,Y,A,-1.9
1OIA,A,31,Y,F,0.0
1OIA,A,78,Y,F,0.0
1APS,A,12,Y,I,2.2
1LS4,A,33,L,K,1.2
1LS4,A,47,T,A,-0.5
1LS4,A,155,A,K,1.4
1LS4,A,159,T,A,1.0
1AG2,A,128,M,V,0.1
1AG2,A,174,F,W,0.1
1AG2,A,199,E,K,0.2
1AG2,A,209,V,I,0.1
1AJ3,A,1776,R,G,1.9
1AJ3,A,1788,K,A,0.0
1AJ3,A,1848,Q,A,0.0
1AJ3,A,1867,R,A,0.0
2AKY,A,10,V,I,1.2
2AKY,A,50,Q,E,1.0
2AKY,A,215,I,F,1.9
1ANK,A,88,R,G,0.1
1AON,O,3,I,W,0.2
1AON,O,48,I,W,0.2
1AON,O,95,V,C,0.2
1ARR,A,9,Q,G,-0.2
1ARR,A,13,R,G,-0.3
1ARR,A,16,R,G,0.6
1ARR,A,17,E,G,0.6
1ARR,A,19,L,Q,0.9
1ARR,A,20,D,G,1.4
1ARR,A,23,R,G,1.0
1ARR,A,24,K,G,1.2
1ARR,A,24,K,T,0.6
1ARR,A,27,E,G,0.4
1ARR,A,28,E,G,0.8
1ARR,A,34,N,G,-0.2
1ARR,A,35,S,G,0.2
1ARR,A,39,Q,G,0.7
1ARR,A,46,K,G,0.7
1ARR,A,47,K,G,0.6
1ARR,A,48,E,G,1.1
1B0O,A,35,W,Y,3.5
1BTA,A,83,C,A,0.1
1C9O,A,29,H,E,0.6
1C9O,A,46,E,A,0.0
1C9O,A,50,E,K,0.6
1C9O,A,50,E,W,-0.1
1C9O,A,56,R,E,-0.7
1C9O,A,66,L,E,1.0
1ACB,I,14,V,A,1.0
1ACB,I,18,V,A,1.2
1ACB,I,27,L,A,0.2
1ACB,I,54,V,A,1.6
1ACB,I,62,V,A,1.0
1CSP,A,38,F,A,-0.2
1DKT,A,8,Y,A,0.7
1DKT,A,9,S,A,0.4
1DKT,A,11,K,A,-0.6
1DKT,A,17,F,L,2.6
1DKT,A,18,E,A,0.8
1DKT,A,22,V,A,1.4
1DKT,A,39,S,A,0.6
1DKT,A,46,L,A,2.0
1DKT,A,55,V,A,0.7
1DKT,A,55,V,G,2.0
1DKT,A,58,M,L,0.2
1DKT,A,65,H,A,0.5
1DKT,A,71,R,A,0.6
1FKJ,A,57,I,D,2.9
1TTG,A,1547,V,A,1.2
1TTG,A,1610,Y,A,1.9
1TTG,A,1610,Y,F,2.1
1TTG,A,1622,S,A,-0.1
1TTG,A,1625,I,A,0.7
1TTG,A,1625,I,V,0.3
1TTG,A,1627,I,A,0.7
1TTG,A,1629,Y,F,-0.1
1FTG,A,144,L,A,0.2
1BP2,A,44,F,A,-0.2
1BP2,A,44,F,I,-1.4
1BP2,A,44,F,Y,-0.8
1BP2,A,70,H,A,1.9
1BP2,A,70,H,N,2.4
1BP2,A,70,H,Q,0.5
1BP2,A,128,F,A,1.2
1BP2,A,128,F,I,-0.9
1BP2,A,128,F,Y,-0.1
1HK0,X,55,Q,A,-0.5
2HMB,A,5,F,S,3.7
2HMB,A,9,W,E,3.8
2HMB,A,17,F,S,4.0
2HMB,A,17,F,Y,2.6
2HMB,A,22,K,I,0.0
2HMB,A,40,T,E,2.4
2HMB,A,40,T,Q,2.7
2HMB,A,40,T,V,0.8
2HMB,A,58,F,S,2.4
2HMB,A,65,F,S,3.8
2HMB,A,67,L,G,3.7
2HMB,A,68,G,S,1.2
2HMB,A,73,E,S,3.7
2HMB,A,107,R,T,2.8
2HMB,A,127,R,K,3.3
2HMB,A,127,R,Q,0.3
2HMB,A,129,Y,F,2.7
1HTI,A,106,S,D,0.7
1HTI,A,180,Q,D,-0.8
1HTI,A,156,K,A,-0.5
1IET,A,65,D,R,-0.1
1IFB,A,83,W,Y,0.4
1IGV,A,10,L,V,1.7
1IGV,A,14,F,A,4.1
1IGV,A,17,Y,F,1.1
1IGV,A,27,L,A,3.2
1IGV,A,27,L,G,4.0
1IGV,A,30,E,Q,0.0
1IGV,A,32,L,A,2.2
1IGV,A,65,V,A,2.9
1IGV,A,65,V,G,3.6
1IGV,A,70,F,A,4.2
1IGV,A,70,F,W,0.9
1IGV,A,74,V,L,0.1
1IGV,A,77,I,V,1.3
1JIW,I,35,D,A,0.7
1JIW,I,40,W,F,2.3
1KCQ,A,214,D,N,1.1
1KCQ,A,214,D,Y,2.0
1LBI,A,84,K,L,0.2
1LUC,A,81,A,H,2.7
1LUC,A,82,H,A,2.7
1N0J,A,82,I,T,3.0
1OTR,B,315,K,A,0.1
1OTR,B,334,I,F,3.3
1OTR,B,334,I,V,1.6
1P2P,A,70,H,K,2.1
1P2P,A,70,H,N,1.7
1P2P,A,70,H,Q,0.6
1PDO,A,12,W,F,-1.8
1PDO,A,33,W,F,1.1
1PDO,A,69,W,F,2.1
1POH,A,31,S,A,0.4
1QLP,A,184,Y,A,0.2
1QLP,A,184,Y,W,-1.2
1QLP,A,218,W,F,0.5
1QLP,A,262,W,F,-1.0
1QLP,A,272,A,L,-0.3
1QLP,A,308,A,I,0.0
1QM4,A,265,R,H,3.1
1QND,A,495,C,S,1.4
2AFG,A,77,G,A,1.5
2AFG,A,77,G,N,1.0
2AFG,A,108,H,A,0.6
2AFG,A,108,H,N,-0.2
2AFG,A,118,A,G,0.5
2AFG,A,121,N,G,-0.2
2AFG,A,123,F,Y,-0.5
2AFG,A,124,V,I,0.1
1RIS,A,75,L,A,1.4
1SHF,A,111,I,A,2.8
1SHF,A,138,V,G,3.6
1SHF,A,138,V,M,0.5
1SHF,A,138,V,T,2.4
1TIT,A,13,V,A,2.1
1TIT,A,23,I,A,2.7
1TIT,A,58,L,A,3.2
1TIT,A,60,L,A,4.9
1TIT,A,63,C,S,2.1
1TIT,A,73,F,L,3.8
1TIT,A,86,V,A,4.5
1CLW,A,178,G,R,0.7
1CLW,A,245,G,R,1.3
1CLW,A,286,R,K,3.4
1CLW,A,310,E,V,0.8
1CLW,A,436,G,D,0.1
1UBQ,A,614,K,Q,-0.3
1UBQ,A,635,K,Q,1.9
1UBQ,A,637,K,N,1.5
1UBQ,A,637,K,Q,1.7
1UBQ,A,650,R,E,-1.6
1UBQ,A,653,F,W,-0.5
1UBQ,A,676,H,E,-0.8
1UBQ,A,676,H,Q,-0.6
1UBQ,A,680,R,Q,0.3
1UZC,A,390,W,F,0.3
1UZC,A,394,E,A,0.4
1UZC,A,396,A,G,0.7
1UZC,A,398,Q,A,0.1
1UZC,A,398,Q,G,1.2
1UZC,A,399,A,G,2.3
1UZC,A,405,K,G,0.7
1UZC,A,411,S,A,0.0
1UZC,A,415,W,F,-0.3
1UZC,A,417,Q,A,0.4
1UZC,A,421,M,A,1.4
1UZC,A,422,I,V,1.2
1UZC,A,423,I,A,0.1
1UZC,A,423,I,G,0.4
1UZC,A,425,D,N,2.5
1UZC,A,428,Y,A,2.5
1UZC,A,429,S,A,0.0
1UZC,A,429,S,G,0.0
1UZC,A,431,L,A,2.7
1UZC,A,435,S,A,0.4
1UZC,A,439,Q,A,-0.3
1UZC,A,440,A,G,2.1
1UZC,A,444,Y,F,0.7
1UZC,A,446,V,A,-0.5
1UZC,A,446,V,G,0.0
1WQ5,A,127,L,A,1.3
1AXB,A,75,C,S,3.4
2A36,A,22,T,A,-0.4
2A36,A,22,T,D,-1.5
2A36,A,22,T,F,-1.3
2A36,A,22,T,K,0.0
2A36,A,22,T,L,-0.5
2A36,A,22,T,N,-1.3
2A36,A,22,T,S,-0.6
2ABD,A,9,A,G,1.9
2ABD,A,22,D,A,0.0
2ABD,A,27,F,A,1.8
2ABD,A,68,E,A,0.6
2ABD,A,70,A,G,2.3
2ABD,A,75,I,A,1.7
2CI2,I,49,I,T,1.2
2DRI,A,52,A,T,3.3
2DRI,A,75,V,E,3.5
2TRT,A,128,R,E,-0.3
2TS1,A,52,I,L,-0.1
2TS1,A,105,L,V,3.1
3MBP,A,34,V,G,-0.4
3MBP,A,45,G,C,2.1
3MBP,A,309,Y,D,2.3
3MBP,A,371,T,I,-0.2
3PGK,A,309,W,F,2.5
3PGK,A,309,W,Y,1.1
3PGK,A,334,W,F,1.9
3PGK,A,334,W,Y,1.1
5CRO,A,26,Y,F,-0.2
5CRO,A,36,A,S,-0.2
1RX4,A,2,I,V,0.6
1RX4,A,15,G,A,-0.4
1RX4,A,22,W,L,0.3
1RX4,A,24,L,V,1.3
1RX4,A,30,W,A,2.0
1RX4,A,30,W,E,2.4
1RX4,A,30,W,H,2.4
1RX4,A,30,W,M,1.9
1RX4,A,30,W,N,2.1
1RX4,A,30,W,R,2.1
1RX4,A,30,W,S,2.3
1RX4,A,30,W,Y,1.8
1RX4,A,31,F,A,1.7
1RX4,A,31,F,V,1.5
1RX4,A,35,T,A,1.1
1RX4,A,40,V,F,2.0
1RX4,A,40,V,H,2.8
1RX4,A,40,V,I,0.5
1RX4,A,40,V,L,0.8
1RX4,A,40,V,M,1.3
1RX4,A,40,V,N,1.8
1RX4,A,40,V,R,1.4
1RX4,A,40,V,S,2.0
1RX4,A,43,G,A,0.5
1RX4,A,44,R,A,0.9
1RX4,A,44,R,L,-0.8
1RX4,A,54,L,V,0.3
1RX4,A,59,N,C,-0.2
1RX4,A,59,N,E,1.4
1RX4,A,59,N,G,2.0
1RX4,A,59,N,H,0.8
1RX4,A,59,N,I,-0.1
1RX4,A,59,N,K,1.6
1RX4,A,59,N,L,0.0
1RX4,A,59,N,M,0.1
1RX4,A,59,N,Q,0.3
1RX4,A,59,N,S,1.3
1RX4,A,59,N,T,0.1
1RX4,A,59,N,V,-0.4
1RX4,A,59,N,W,0.8
1RX4,A,61,I,L,0.4
1RX4,A,67,G,A,0.1
1RX4,A,67,G,C,0.5
1RX4,A,67,G,D,0.6
1RX4,A,67,G,L,0.5
1RX4,A,67,G,S,0.3
1RX4,A,67,G,T,0.6
1RX4,A,67,G,V,0.7
1RX4,A,74,W,F,1.2
1RX4,A,85,C,S,1.0
1RX4,A,94,I,L,0.6
1RX4,A,94,I,V,0.7
1RX4,A,95,G,A,0.9
1RX4,A,112,L,I,0.2
1RX4,A,121,G,A,0.0
1RX4,A,121,G,C,0.2
1RX4,A,121,G,D,0.3
1RX4,A,121,G,H,0.6
1RX4,A,121,G,S,0.1
1RX4,A,121,G,Y,0.5
1RX4,A,122,D,A,1.0
1RX4,A,148,S,A,0.4
1RX4,A,148,S,E,0.6
1RX4,A,148,S,K,0.4
1RX4,A,148,S,N,0.9
1RX4,A,148,S,R,0.7
1RX4,A,148,S,T,0.4
1RX4,A,148,S,V,0.3
1RX4,A,152,C,E,1.0
1RX4,A,155,I,D,3.2
1RX4,A,155,I,E,2.6
1RX4,A,155,I,K,2.7
1RX4,A,155,I,Q,3.0
1RX4,A,155,I,R,2.6
1RX4,A,155,I,S,3.1
1RX4,A,155,I,W,3.2
1RX4,A,155,I,Y,2.9
1AV1,A,165,L,R,0.7
1C2R,A,96,Y,F,1.0
1RIS,A,65,V,A,2.6
1WQ5,A,28,P,G,0.9
2AFG,A,59,L,W,-0.1
2TRX,A,27,D,A,-4.0
451C,A,92,E,Q,0.3
451C,A,92,E,V,1.1
5AZU,A,102,A,G,2.4
5AZU,A,130,F,S,4.9
5AZU,A,40,I,T,2.1
5AZU,A,40,I,V,0.2
5AZU,A,27,I,A,3.2
5AZU,A,101,I,T,2.9
5AZU,A,145,L,A,1.2
5AZU,A,70,L,V,0.3
5AZU,A,42,V,T,2.6
5AZU,A,51,V,T,2.6
5AZU,A,25,V,A,0.5
5AZU,A,115,V,T,-0.4
5AZU,A,68,W,A,3.4
1CSP,A,24,D,N,0.6
1C9O,A,46,E,K,0.7
1C9O,A,66,L,L,0.1
1FTG,A,107,E,A,-0.6
1FTG,A,23,I,A,-0.5
1PIN,A,6,K,A,-0.1
1PIN,A,7,L,I,0.8
1PIN,A,21,R,A,0.7
1PIN,A,29,T,S,0.7
1YYX,A,36,A,G,2.7
1YYX,A,87,A,G,3.0
1YYX,A,90,A,G,2.9
1YYX,A,61,F,A,5.5
1YYX,A,65,F,A,2.5
1YYX,A,72,I,A,4.7
1YYX,A,98,I,A,3.8
1YYX,A,48,L,A,4.2
1YYX,A,68,L,A,4.0
1YYX,A,76,L,A,3.4
1YYX,A,94,L,A,1.7
1YYX,A,33,M,A,3.5
1YYX,A,58,M,A,3.6
1YYX,A,84,V,A,3.9
1AXB,A,102,E,K,-0.6
1AXB,A,236,G,S,1.2
1AXB,A,162,R,H,0.2
1AXB,A,162,R,S,0.6
1AXB,A,233,S,A,-0.6
1LVE,A,103,S,T,-0.1
1LVE,A,71,K,T,2.3
1LVE,A,100,T,H,-0.7
1CSP,A,7,K,E,3.6
1CSP,A,7,K,Q,3.6
1OTR,B,338,E,A,-0.1
1OTR,B,338,E,F,-0.7
1OTR,B,338,E,R,3.5
1OTR,B,338,E,V,-0.9
1OTR,B,338,E,Y,-0.4
1OTR,B,337,K,A,-0.4
1OTR,B,337,K,E,-0.1
1OTR,B,337,K,F,-0.2
1OTR,B,337,K,G,1.5
1OTR,B,337,K,I,-1.6
1OTR,B,337,K,L,-1.0
1OTR,B,337,K,M,-0.5
1OTR,B,337,K,N,0.6
1OTR,B,337,K,Q,-0.1
1OTR,B,337,K,S,0.4
1OTR,B,337,K,T,0.1
1OTR,B,337,K,V,-0.9
1PGA,A,279,T,C,0.6
1PGA,A,279,T,W,0.3
2AFG,A,132,C,V,0.3
2AFG,A,46,V,I,1.0
1PGA,A,267,G,C,-1.3
1AZP,A,24,W,A,2.0
1AZP,A,30,V,I,-0.5
1C52,A,69,M,A,-5.0
1C52,A,69,M,H,0.7
1C8C,A,24,W,A,0.8
1C8C,A,30,I,V,0.7
1C8C,A,32,F,Y,2.1
1CSP,A,2,L,R,0.4
1CSP,A,3,E,V,-1.8
1CSP,A,46,A,L,-0.8
1CSP,A,48,S,K,-1.4
1CSP,A,64,T,R,-1.1
1CSP,A,66,E,V,-1.7
1CYO,A,40,F,H,3.4
1CYO,A,40,F,Y,-0.1
1MBG,A,103,V,I,-0.7
1H7M,A,10,K,M,0.5
1H7M,A,93,R,M,0.8
1JIW,I,33,A,P,0.2
1JIW,I,35,D,P,0.5
1JNX,X,1699,R,W,3.4
1JNX,X,1775,M,R,4.2
1JNX,X,1833,V,M,1.7
1RTB,A,73,V,A,3.7
1RTB,A,80,V,A,2.6
1RTB,A,80,V,G,4.9
1RTB,A,80,V,I,1.9
1RTB,A,80,V,L,1.1
1RTB,A,83,V,A,2.9
1RTB,A,83,V,G,5.5
1RTB,A,83,V,I,1.3
1RTB,A,83,V,L,2.4
1RTB,A,89,V,A,2.0
1RTB,A,89,V,G,3.5
1RTB,A,90,A,G,0.4
1RTB,A,107,I,G,4.8
1RTB,A,123,Y,F,3.5
1RTB,A,132,I,A,4.4
1RTB,A,132,I,L,1.8
1RTB,A,132,I,V,0.8
1RTB,A,107,I,L,2.2
1RTB,A,134,V,A,4.2
1RTB,A,134,V,I,0.4
1RTB,A,134,V,L,0.7
1RTB,A,135,A,G,0.4
1RTB,A,142,V,A,0.7
1RTB,A,142,V,G,1.2
1RTB,A,144,V,A,1.9
1RTB,A,144,V,G,2.8
1RTB,A,72,F,L,3.2
1RTB,A,72,F,V,4.5
1RTB,A,93,N,D,-0.6
1RTB,A,101,S,A,2.5
1RTB,A,101,S,T,2.8
1RBP,A,42,W,F,2.5
1RBP,A,42,W,L,2.6
1RBP,A,42,W,Y,2.2
1RBP,A,109,W,H,0.1
1RBP,A,123,W,F,0.4
1RBP,A,139,R,Q,2.6
1SHF,A,87,F,A,1.3
1SHF,A,87,F,L,2.0
1SHF,A,87,F,V,0.5
1SHF,A,89,A,G,1.6
1SHF,A,89,A,S,1.3
1SHF,A,101,L,F,1.2
1SHF,A,101,L,I,0.7
1SHF,A,101,L,V,1.6
1SHF,A,103,F,L,1.1
1SHF,A,103,F,V,1.9
1SHF,A,109,F,I,2.0
1SHF,A,109,F,L,0.8
1SHF,A,109,F,V,2.1
1SHF,A,120,W,F,0.6
1SHF,A,120,W,L,0.4
1SHF,A,120,W,V,1.0
1SHF,A,122,A,G,1.4
1SHF,A,122,A,V,-0.2
1SHF,A,133,I,L,0.8
1SHF,A,133,I,V,0.0
1SHF,A,138,V,F,0.7
1SHF,A,138,V,I,-0.2
1SHF,A,138,V,L,0.1
1WQ5,A,81,C,A,-0.2
1WQ5,A,81,C,G,0.5
1WQ5,A,81,C,S,-0.3
1WQ5,A,81,C,V,1.7
1WQ5,A,109,K,N,0.1
1WQ5,A,118,C,A,-1.1
1WQ5,A,118,C,S,-1.2
1WQ5,A,118,C,V,-1.2
1WQ5,A,154,C,A,0.5
1WQ5,A,154,C,S,1.4
1WQ5,A,154,C,V,-0.9
1YCC,A,13,A,L,-0.3
1YCC,A,13,A,Y,-0.3
1YCC,A,16,F,I,0.9
1YCC,A,16,F,M,3.3
1YCC,A,16,F,W,1.3
1YCC,A,16,F,Y,0.7
1YCC,A,100,L,A,3.8
1YCC,A,100,L,I,0.0
1YCC,A,100,L,T,3.3
1YCC,A,100,L,V,0.7
1YCC,A,103,Y,F,-0.1
1YEA,A,62,N,I,-2.4
1ZYM,A,189,H,A,0.9
1ZYM,A,189,H,E,1.3
2HIP,A,12,Y,F,2.3
2TRX,A,41,P,S,-1.4
3D2A,A,194,S,P,-2.1
3MBP,A,74,P,A,2.7
3MBP,A,133,P,A,7.8
1A23,A,52,C,S,0.9
1BTA,A,17,L,V,-0.9
1BTA,A,35,L,V,-0.9
1BTA,A,52,L,V,-0.5
1BTA,A,79,K,A,0.0
1BTA,A,6,I,V,-0.9
1CSP,A,27,F,A,0.6
1H7M,A,13,D,A,-0.2
1H7M,A,22,R,A,-0.1
1H7M,A,23,K,A,-0.4
1H7M,A,34,K,A,-0.1
1H7M,A,40,R,A,0.1
1H7M,A,43,R,A,-0.3
1H7M,A,77,R,A,-0.2
1HK0,X,44,M,A,0.3
1HNG,A,98,Y,F,-1.3
1IMQ,A,19,V,L,1.5
1IMQ,A,31,E,L,0.6
1IMQ,A,37,V,L,0.2
1IMQ,A,41,E,V,-0.8
1IMQ,A,68,V,I,0.7
1IO2,A,15,I,A,1.8
1IO2,A,20,I,A,3.8
1IO2,A,33,L,A,3.9
1IO2,A,56,I,A,3.4
1IO2,A,92,L,A,2.4
1IO2,A,102,I,A,3.4
1IO2,A,118,L,A,4.5
1IO2,A,147,L,A,2.2
1IO2,A,6,I,A,2.5
1MJC,A,20,F,L,0.3
1MJC,A,42,Y,W,-0.1
1MJC,A,52,S,W,0.2
1MSI,A,25,E,A,0.0
1OIA,A,13,Y,F,0.6
1OIA,A,13,Y,T,1.1
1OIA,A,31,Y,S,2.0
1OIA,A,78,Y,D,4.3
1OIA,A,86,Y,F,2.2
1OIA,A,86,Y,T,2.5
1QLP,A,55,A,I,-0.8
1QLP,A,55,A,L,-0.8
1QLP,A,55,A,P,-2.1
1QLP,A,55,A,V,-0.5
1QLP,A,75,F,C,-2.6
1QLP,A,75,F,L,-1.8
1QLP,A,83,T,A,-0.9
1QLP,A,92,T,A,-0.9
1QLP,A,94,A,G,-1.4
1QLP,A,169,V,L,0.6
1QLP,A,197,V,L,0.5
1QLP,A,197,V,I,-0.4
1QLP,A,207,A,F,-1.3
1QLP,A,207,A,I,-1.5
1QLP,A,207,A,V,-3.2
1QLP,A,207,A,L,-1.2
1QLP,A,272,A,I,-1.9
1QLP,A,272,A,V,-2.0
1QLP,A,272,A,F,-1.5
1QLP,A,274,A,V,0.3
1QLP,A,274,A,I,0.3
1QLP,A,274,A,L,0.9
1QLP,A,308,A,V,-0.7
1QLP,A,345,V,L,1.0
1QLP,A,345,V,I,-0.5
1QLP,A,355,K,I,0.4
1QLP,A,388,V,I,-0.3
1QLP,A,398,M,I,-2.0
1QLP,A,405,S,A,-0.9
1QLP,A,411,K,R,-0.9
1TTG,A,1562,P,A,0.4
1TTG,A,1601,P,A,0.3
1UBQ,A,634,V,A,2.8
1UBQ,A,634,V,G,5.4
1UBQ,A,634,V,I,-0.9
1UBQ,A,669,I,V,0.9
1WIT,A,4220,Y,F,-1.8
2Q98,A,223,H,A,0.0
3MBP,A,36,W,A,3.7
3MBP,A,59,I,A,1.0
3MBP,A,115,L,A,2.6
3MBP,A,147,L,A,2.6
3MBP,A,218,L,A,2.6
3MBP,A,221,L,A,3.6
3MBP,A,373,V,A,1.7
3MBP,A,387,L,A,1.7
1FTG,A,22,I,G,0.0
1FTG,A,23,I,V,1.9
1FTG,A,32,V,A,2.4
1FTG,A,44,D,A,-0.1
1FTG,A,76,D,K,-0.7
1FTG,A,84,V,I,-0.1
1FTG,A,103,I,V,0.7
1FTG,A,108,E,A,-0.2
1FTG,A,142,L,A,0.1
1ONC,A,23,M,L,2.8
1ONC,A,28,F,A,5.0
2ADA,A,161,W,F,-7.3
1BNL,A,1647,D,A,3.9
1DPM,A,257,H,L,3.3
1THQ,A,76,W,A,0.5
1THQ,A,80,F,A,1.1
1YCC,A,32,H,Y,2.0
1YCC,A,39,H,Y,0.3
1YCC,A,58,N,L,-3.8
1YCC,A,58,N,A,-2.0
1YCC,A,58,N,T,-0.8
1YCC,A,58,N,Q,0.5
1YCC,A,58,N,H,1.5
1YCC,A,79,K,I,1.0
1YCC,A,79,K,V,1.0
2ADA,A,117,W,F,-4.7
2ADA,A,272,W,F,-4.7
2CRK,A,122,D,A,2.0
1A23,A,51,H,Y,-4.6
1AJ3,A,1869,Q,L,1.4
1ARR,A,44,S,A,0.3
1ARR,A,48,E,A,1.1
1CAH,A,107,H,Y,-12.2
1CAH,A,107,H,A,-11.5
1CAH,A,107,H,F,-10.0
1CAH,A,107,H,N,-8.2
1CAH,A,117,E,A,-5.5
1FTG,A,88,G,V,0.0
1FTG,A,88,G,L,0.4
1FTG,A,19,V,L,-0.3
1WQ5,A,132,P,G,0.7
2ABD,A,74,Y,F,-0.1
2ABD,A,53,K,M,-0.3
1HNG,A,72,L,V,-0.4
1HNG,A,79,I,V,0.4
1HNG,A,111,L,V,0.1
1HZ6,A,122,A,P,0.1
1HZ6,A,122,A,V,1.1
1HZ6,A,124,G,A,1.6
1HZ6,A,124,G,V,2.7
1HZ6,A,129,A,G,2.1
1HZ6,A,129,A,V,-1.1
1HZ6,A,133,G,A,1.9
1HZ6,A,141,E,I,1.1
1HZ6,A,143,Y,A,2.8
1HZ6,A,154,G,A,1.9
1HZ6,A,164,G,A,2.1
1QLP,A,308,A,L,0.8
2AFG,A,100,F,W,0.0
3MBP,A,187,I,A,3.2
1AYE,A,39,K,A,2.3
1AYE,A,74,V,A,1.1
1FMK,A,88,T,A,0.6
1FMK,A,89,F,A,0.8
1FMK,A,90,V,A,1.6
1FMK,A,91,A,G,1.0
1FMK,A,92,L,A,1.5
1FMK,A,93,Y,A,0.3
1FMK,A,94,D,A,0.4
1FMK,A,95,Y,A,2.3
1FMK,A,95,Y,F,0.2
1FMK,A,97,S,A,-0.5
1FMK,A,98,R,A,0.1
1FMK,A,99,T,A,-0.1
1FMK,A,182,T,A,0.0
1FMK,A,102,D,A,0.6
1FMK,A,103,L,A,1.8
1FMK,A,104,S,A,0.8
1FMK,A,105,F,A,2.0
1FMK,A,106,K,A,0.4
1FMK,A,107,K,A,0.1
1FMK,A,109,E,A,1.9
1FMK,A,110,R,A,0.3
1FMK,A,111,L,A,2.3
1FMK,A,112,Q,A,0.2
1FMK,A,113,I,A,0.3
1FMK,A,113,I,V,0.1
1FMK,A,114,V,A,0.8
1FMK,A,196,N,A,0.2
1FMK,A,116,N,A,-0.1
1FMK,A,121,W,A,1.3
1FMK,A,122,W,A,1.2
1FMK,A,123,L,A,1.6
1FMK,A,124,A,G,0.9
1FMK,A,125,H,A,0.6
1FMK,A,126,S,A,1.5
1FMK,A,127,L,A,0.6
1FMK,A,128,S,A,-0.2
1FMK,A,131,Q,G,0.3
1FMK,A,134,Y,A,1.5
1FMK,A,135,I,A,1.8
1FMK,A,136,P,A,1.4
1FMK,A,137,S,A,-0.2
1FMK,A,138,N,A,0.1
1FMK,A,140,V,A,1.2
1FMK,A,141,A,G,0.5
1FMK,A,142,P,A,0.1
1FMK,A,143,S,A,-0.4
3SSI,A,134,M,L,-0.2
1A23,A,51,H,L,-4.8
1A23,A,51,H,S,-4.0
1A43,A,288,G,A,2.02
1A43,A,291,E,D,3.75
1A43,A,299,R,A,3.53
1A43,A,350,C,S,2.82
1AAR,A,653,F,W,-0.55
1AG2,A,179,V,I,0.35
1AG2,A,182,T,A,4.31
1AG2,A,197,F,S,2.28
1AG2,A,207,R,H,1.27
1AG2,A,216,Q,R,2.01
1AJ3,A,1784,W,F,1.2
1AKK,A,31,P,A,5.57
1AKK,A,68,Y,F,2.17
1AKK,A,95,L,V,1.1
1APS,A,12,Y,F,-0.7
1APS,A,26,Y,A,0.05
1APS,A,66,L,V,5.35
1APS,A,87,I,V,1.7
1ARR,A,29,N,A,-0.4
1AYF,A,112,T,A,1.4
1AYF,A,112,T,S,0.0
1AYF,A,114,H,Q,1.95
1AYF,A,114,H,R,1.3
1AYF,A,114,H,T,1.3
1AYF,A,140,Y,F,0.05
1AYF,A,140,Y,L,0.55
1AYF,A,140,Y,S,0.5
1AYF,A,153,C,S,-0.95
1AZP,A,55,L,A,2.65
1B26,A,194,K,A,-0.07
1B26,A,232,E,A,0.6
1B5M,A,76,D,R,-0.2
1B5M,A,81,P,A,1.1
1BTA,A,22,K,A,1.0
1BTA,A,22,K,Q,0.9
1BTA,A,58,E,K,0.65
1BTA,A,61,K,E,1.07
1BTA,A,61,K,L,-0.65
1BTA,A,76,R,L,-0.7
1C2R,A,33,K,D,1.2
1C2R,A,35,K,E,1.1
1C2R,A,53,K,E,-0.35
1C2R,A,96,Y,C,0.75
1C9O,A,3,R,E,1.98
1C9O,A,3,R,L,0.35
1C9O,A,11,N,S,-0.05
1C9O,A,23,G,Q,0.1
1C9O,A,36,E,K,0.3
1C9O,A,38,F,W,-0.15
1C9O,A,66,L,A,0.05
1CAH,A,5,W,F,1.35
1CAH,A,16,W,F,3.9
1CAH,A,205,C,S,-0.5
1CHK,A,68,W,F,3.04
1CHK,A,267,W,F,2.4
1CLW,A,236,T,I,1.05
1CSP,A,1,M,R,-1.7
1CSP,A,3,E,K,-2.35
1CSP,A,3,E,R,-1.43
1CSP,A,10,N,D,-0.55
1CSP,A,15,F,A,2.09
1CSP,A,17,F,A,0.78
1CSP,A,20,V,E,3.35
1CSP,A,50,E,K,0.5
1CSP,A,66,E,L,-1.7
1CYO,A,50,V,H,1.55
1DIL,A,53,A,L,-0.85
1DIL,A,69,A,V,-0.55
1DIV,A,12,K,M,-1.65
1DIV,A,23,D,A,0.1
1DIV,A,23,D,N,0.55
1DIV,A,106,H,Q,1.4
1DIV,A,134,H,Q,1.3
1DIV,A,144,H,Q,0.85
1FKJ,A,3,V,A,2.3
1FKJ,A,5,V,A,2.55
1FKJ,A,8,I,V,0.17
1FKJ,A,22,T,A,1.4
1FKJ,A,22,T,S,1.25
1FKJ,A,22,T,V,-0.75
1FKJ,A,24,V,A,2.93
1FKJ,A,28,T,A,1.85
1FKJ,A,28,T,S,1.3
1FKJ,A,28,T,V,-0.4
1FKJ,A,37,F,A,3.3
1FKJ,A,51,L,A,2.4
1FKJ,A,56,V,A,1.95
1FKJ,A,57,I,A,2.25
1FKJ,A,57,I,T,1.85
1FKJ,A,58,R,A,0.32
1FKJ,A,58,R,G,0.6
1FKJ,A,61,E,A,0.63
1FKJ,A,61,E,G,1.7
1FKJ,A,64,V,A,1.25
1FKJ,A,76,T,A,2.45
1FKJ,A,76,T,V,0.75
1FKJ,A,77,I,A,3.6
1FKJ,A,77,I,V,0.25
1FKJ,A,91,I,A,1.4
1FKJ,A,91,I,V,0.25
1FKJ,A,98,L,A,1.35
1FKJ,A,99,V,A,0.85
1FKJ,A,102,V,A,1.1
1FKJ,A,107,L,A,2.2
1FMK,A,129,T,A,1.45
1FMK,A,139,Y,A,0.65
1FTG,A,7,L,A,2.82
1FTG,A,8,F,L,-0.05
1FTG,A,19,V,I,-0.51
1FTG,A,21,E,K,-0.57
1FTG,A,22,I,A,0.83
1FTG,A,22,I,V,1.55
1FTG,A,23,I,G,0.35
1FTG,A,31,V,A,1.43
1FTG,A,35,H,A,1.05
1FTG,A,41,E,K,-0.75
1FTG,A,48,Y,F,0.7
1FTG,A,51,L,A,1.35
1FTG,A,52,I,V,1.18
1FTG,A,53,I,V,1.4
1FTG,A,62,E,K,-0.5
1FTG,A,66,D,K,0.15
1FTG,A,69,G,A,-0.55
1FTG,A,72,S,A,0.35
1FTG,A,73,E,K,-0.08
1FTG,A,75,D,K,0.57
1FTG,A,85,A,G,1.7
1FTG,A,98,N,A,0.65
1FTG,A,100,Q,A,-1.02
1FTG,A,102,A,L,0.36
1FTG,A,102,A,V,0.32
1FTG,A,105,I,V,0.4
1FTG,A,111,S,A,0.77
1FTG,A,112,Q,G,0.1
1FTG,A,118,V,A,1.75
1FTG,A,123,T,S,0.12
1FTG,A,127,D,K,-0.13
1FTG,A,140,V,A,1.02
1FTG,A,151,D,K,0.08
1FTG,A,157,I,V,2.72
1FTG,A,161,V,A,1.85
1FXA,A,95,E,K,-0.3
1H7M,A,3,D,A,0.45
1H7M,A,7,E,A,0.8
1H7M,A,9,R,A,0.75
1H7M,A,10,K,A,0.37
1H7M,A,16,K,A,0.85
1H7M,A,29,K,A,1.1
1H7M,A,45,D,A,-0.05
1H7M,A,47,K,A,1.0
1H7M,A,48,E,A,0.05
1H7M,A,49,D,A,-0.35
1H7M,A,51,E,A,-0.55
1H7M,A,55,R,A,0.25
1H7M,A,70,E,A,0.65
1H7M,A,79,H,A,0.45
1H7M,A,88,D,A,1.3
1H7M,A,91,E,A,0.4
1H7M,A,93,R,A,0.4
1HK0,X,57,F,A,0.77
1HK0,X,80,R,A,1.7
1HK0,X,82,I,A,1.67
1HK0,X,132,V,A,2.43
1HK0,X,143,Q,A,0.3
1HK0,X,145,L,A,1.67
1HK0,X,147,M,A,0.73
1HK0,X,170,V,A,-1.2
1HME,A,121,S,H,1.35
1HME,A,122,I,H,0.5
1HME,A,123,G,H,0.05
1HNG,A,38,L,V,-0.67
1HNG,A,40,I,V,0.02
1HNG,A,52,V,A,0.01
1HNG,A,62,A,G,-0.24
1HNG,A,100,V,A,-0.0
1HNG,A,117,L,V,0.03
1HZ6,A,113,V,A,1.25
1HZ6,A,114,T,A,1.7
1HZ6,A,115,I,A,4.7
1HZ6,A,118,N,A,1.85
1HZ6,A,119,L,A,2.9
1HZ6,A,120,I,A,1.35
1HZ6,A,120,I,V,0.45
1HZ6,A,121,F,A,3.0
1HZ6,A,121,F,L,0.65
1HZ6,A,123,N,A,1.75
1HZ6,A,125,S,A,0.25
1HZ6,A,128,T,A,1.05
1HZ6,A,130,E,A,0.65
1HZ6,A,131,F,A,4.7
1HZ6,A,131,F,L,3.2
1HZ6,A,132,K,A,1.0
1HZ6,A,134,T,A,1.15
1HZ6,A,137,K,G,-0.1
1HZ6,A,139,T,A,1.15
1HZ6,A,140,S,A,-0.35
1HZ6,A,141,E,G,1.15
1HZ6,A,142,A,G,3.2
1HZ6,A,144,A,G,1.25
1HZ6,A,146,A,G,3.2
1HZ6,A,147,D,A,1.15
1HZ6,A,147,D,G,2.0
1HZ6,A,149,L,A,2.3
1HZ6,A,150,K,A,-0.5
1HZ6,A,151,K,A,-0.2
1HZ6,A,153,N,A,0.35
1HZ6,A,157,T,A,1.1
1HZ6,A,159,D,A,0.15
1HZ6,A,160,V,A,1.05
1HZ6,A,161,A,G,0.55
1HZ6,A,165,Y,A,1.6
1IFB,A,7,W,Y,0.85
1IFB,A,24,I,C,-1.15
1IFB,A,53,S,C,-0.82
1IFB,A,61,V,C,-0.5
1IFB,A,61,V,N,0.77
1IFB,A,65,L,A,1.9
1IFB,A,65,L,G,2.45
1IFB,A,66,G,A,1.1
1IFB,A,69,F,A,-0.4
1IFB,A,73,L,C,0.05
1IFB,A,90,L,C,1.12
1IFB,A,94,F,A,2.25
1IFB,A,105,A,C,-1.85
1IGV,A,23,D,N,-0.68
1IMQ,A,27,T,G,1.3
1IO2,A,7,D,N,-0.95
1IO2,A,8,E,A,-2.23
1IO2,A,8,E,Q,0.35
1IO2,A,105,D,A,-1.5
1IO2,A,135,D,A,-2.0
1K9Q,A,180,A,R,-0.75
1K9Q,A,190,L,Y,-0.35
1LVE,A,24,M,L,-1.05
1LVE,A,54,N,F,2.75
1LVE,A,55,S,N,-0.1
1LVE,A,56,K,R,0.8
1LVE,A,64,Q,N,1.35
1LVE,A,65,K,T,2.45
1LVE,A,115,Q,H,0.85
1LVE,A,115,Q,N,1.45
1MBG,A,103,V,L,-1.3
1MJC,A,18,F,L,0.95
1MJC,A,18,F,S,1.4
1MJC,A,20,F,S,1.1
1MJC,A,31,F,L,0.65
1MJC,A,31,F,S,0.95
1MJC,A,68,T,W,-0.65
1MSI,A,23,R,A,0.65
1MSI,A,36,D,A,-0.67
1MSI,A,39,R,A,0.65
1MSI,A,47,R,A,0.55
1MSI,A,58,D,N,0.15
1N0J,A,58,Y,F,-6.35
1N0J,A,143,Q,N,-1.2
1ONC,A,28,F,T,5.1
1ONC,A,36,F,Y,4.2
1OTR,B,338,E,D,0.63
1OTR,B,338,E,G,0.0
1OTR,B,338,E,H,3.5
1OTR,B,338,E,L,-1.17
1OTR,B,338,E,N,1.0
1OTR,B,338,E,S,0.27
1PGA,A,228,T,P,1.48
1PGA,A,229,Y,L,2.46
1PGA,A,232,I,A,1.12
1PGA,A,232,I,E,0.42
1PGA,A,232,I,F,-1.0
1PGA,A,232,I,K,-0.57
1PGA,A,232,I,L,-0.43
1PGA,A,232,I,N,-0.3
1PGA,A,232,I,R,0.23
1PGA,A,232,I,T,-0.72
1PGA,A,232,I,V,-1.5
1PGA,A,233,L,A,1.65
1PGA,A,235,G,P,2.39
1PGA,A,237,T,A,0.18
1PGA,A,241,E,A,0.04
1PGA,A,242,T,A,0.07
1PGA,A,242,T,I,-1.4
1PGA,A,242,T,L,-1.54
1PGA,A,242,T,V,-1.3
1PGA,A,244,T,A,0.14
1PGA,A,246,A,G,1.76
1PGA,A,247,V,P,-0.41
1PGA,A,248,D,A,1.44
1PGA,A,248,D,G,1.27
1PGA,A,250,A,P,0.34
1PGA,A,251,T,A,-0.52
1PGA,A,251,T,P,2.45
1PGA,A,252,A,G,3.5
1PGA,A,254,K,G,0.06
1PGA,A,255,V,A,0.28
1PGA,A,255,V,P,3.11
1PGA,A,256,F,L,0.94
1PGA,A,257,K,G,1.58
1PGA,A,258,Q,G,0.71
1PGA,A,259,Y,A,1.34
1PGA,A,260,A,G,1.98
1PGA,A,261,N,G,1.2
1PGA,A,262,D,P,2.9
1PGA,A,263,N,A,-0.28
1PGA,A,265,V,A,1.44
1PGA,A,267,G,A,1.15
1PGA,A,271,Y,L,2.54
1PGA,A,272,D,A,1.76
1PGA,A,273,D,A,-0.36
1PGA,A,274,A,P,0.34
1PGA,A,275,T,A,0.63
1PGA,A,277,T,A,1.5
1PGA,A,277,T,S,2.01
1PGA,A,278,F,L,3.01
1PGA,A,279,T,A,1.24
1PGA,A,279,T,D,1.67
1PGA,A,279,T,E,0.58
1PGA,A,279,T,F,-1.22
1PGA,A,279,T,G,3.3
1PGA,A,279,T,H,0.99
1PGA,A,279,T,I,-0.79
1PGA,A,279,T,K,0.72
1PGA,A,279,T,L,0.64
1PGA,A,279,T,M,0.18
1PGA,A,279,T,N,0.73
1PGA,A,279,T,Q,0.68
1PGA,A,279,T,R,0.34
1PGA,A,279,T,S,0.47
1PGA,A,279,T,V,-0.22
1PGA,A,279,T,Y,-1.35
1PGA,A,280,V,A,2.4
1POH,A,46,S,A,1.05
1POH,A,49,K,A,-1.5
1POH,A,49,K,D,-1.57
1POH,A,49,K,E,-2.05
1POH,A,49,K,G,-1.1
1POH,A,49,K,M,-0.95
1POH,A,49,K,N,-0.35
1POH,A,49,K,Q,-1.5
1POH,A,49,K,R,0.15
1POH,A,49,K,S,-1.03
1QGV,A,126,G,D,1.2
1QLP,A,354,S,R,-0.55
1QLP,A,355,K,F,0.4
1QLP,A,355,K,T,-0.12
1QLP,A,355,K,V,0.13
1QQV,A,791,H,Y,-1.15
1RHG,A,56,G,A,-2.5
1RHG,A,58,G,A,-2.55
1RHG,A,63,E,A,-0.45
1RHG,A,79,E,A,0.45
1RHG,A,83,L,E,0.1
1RHG,A,106,G,A,-1.15
1RHG,A,114,G,A,1.25
1RHG,A,120,G,A,1.45
1RHG,A,182,G,A,-1.85
1RHG,A,183,G,A,-2.4
1RIS,A,6,V,A,2.65
1RIS,A,8,I,A,3.57
1RIS,A,21,L,A,0.2
1RIS,A,22,E,Q,0.8
1RIS,A,33,Y,A,-0.67
1RIS,A,35,A,G,0.53
1RIS,A,37,V,A,2.6
1RIS,A,48,L,A,0.15
1RIS,A,52,I,A,0.25
1RIS,A,60,F,A,0.95
1RIS,A,79,L,A,3.3
1RIS,A,85,V,A,2.9
1RIS,A,88,V,A,1.77
1ROP,A,41,L,A,4.61
1ROP,A,41,L,V,1.92
1RTB,A,31,A,S,0.35
1RTB,A,107,I,A,2.9
1RTB,A,107,I,V,0.25
1RTB,A,119,P,G,2.3
1RTB,A,140,P,G,3.2
1RTB,A,145,H,A,-0.5
1RTB,A,147,D,A,1.7
1RTB,A,147,D,N,1.5
1RTB,A,149,S,A,-0.6
1RTP,1,21,A,P,0.0
1RX4,A,27,D,N,-1.3
1RX4,A,28,L,R,-0.97
1RX4,A,40,V,A,1.35
1RX4,A,61,I,V,0.34
1RX4,A,75,V,A,0.07
1RX4,A,75,V,C,0.07
1RX4,A,75,V,H,1.79
1RX4,A,75,V,I,1.58
1RX4,A,75,V,R,2.0
1RX4,A,75,V,S,0.8
1RX4,A,75,V,Y,1.8
1RX4,A,88,V,A,-0.3
1RX4,A,88,V,I,0.66
1RX4,A,91,I,L,1.6
1RX4,A,91,I,V,1.28
1RX4,A,112,L,V,1.55
1RX4,A,113,T,V,1.05
1RX4,A,121,G,L,0.55
1RX4,A,121,G,V,1.05
1RX4,A,139,E,K,1.94
1RX4,A,139,E,Q,1.02
1RX4,A,155,I,A,2.96
1RX4,A,155,I,L,1.89
1RX4,A,155,I,T,1.61
1RX4,A,155,I,V,0.15
1SHF,A,107,E,A,1.28
1SHF,A,107,E,D,-0.69
1SHF,A,107,E,F,1.62
1SHF,A,107,E,H,1.0
1SHF,A,107,E,K,0.98
1SHF,A,107,E,L,2.95
1SHF,A,107,E,P,1.7
1SHF,A,107,E,Q,0.72
1SHF,A,107,E,S,1.62
1SHF,A,111,I,L,0.85
1SHF,A,111,I,V,0.4
1SHF,A,124,S,A,0.7
1SHF,A,124,S,H,1.23
1SHF,A,124,S,I,1.4
1SHF,A,124,S,N,0.72
1SHF,A,124,S,T,1.62
1SHF,A,124,S,Y,2.28
1SHF,A,138,V,A,2.2
1TEN,A,809,I,A,2.8
1TEN,A,809,I,V,0.1
1TEN,A,819,A,G,2.75
1TEN,A,821,I,A,3.65
1TEN,A,821,I,V,0.25
1TEN,A,830,I,A,1.5
1TEN,A,830,I,V,0.35
1TEN,A,833,I,V,0.65
1TEN,A,835,L,A,4.2
1TEN,A,837,Y,A,4.1
1TEN,A,849,I,A,2.3
1TEN,A,851,L,A,2.95
1TEN,A,858,Y,A,1.3
1TEN,A,860,I,A,2.0
1TEN,A,860,I,V,0.85
1TEN,A,863,L,A,4.1
1TEN,A,867,T,S,1.25
1TEN,A,869,Y,F,-0.07
1TEN,A,871,V,A,2.75
1TEN,A,873,L,A,2.95
1TEN,A,875,S,A,0.15
1TEN,A,882,S,A,2.57
1TEN,A,885,A,G,1.0
1TEN,A,887,E,G,0.2
1TTG,A,1545,L,A,1.6
1TTG,A,1550,A,G,1.0
1TTG,A,1555,L,A,0.85
1TTG,A,1557,I,A,0.65
1TTG,A,1557,I,V,0.25
1TTG,A,1559,W,F,1.85
1TTG,A,1566,V,A,1.3
1TTG,A,1569,Y,A,3.85
1TTG,A,1569,Y,F,0.4
1TTG,A,1569,Y,L,2.5
1TTG,A,1571,I,A,4.6
1TTG,A,1571,I,V,0.2
1TTG,A,1573,Y,A,1.75
1TTG,A,1585,F,A,1.9
1TTG,A,1587,V,A,2.5
1TTG,A,1594,A,G,2.45
1TTG,A,1596,I,A,3.2
1TTG,A,1596,I,V,0.85
1TTG,A,1599,L,A,2.7
1TTG,A,1603,V,A,0.75
1TTG,A,1607,I,A,3.65
1TTG,A,1607,I,V,0.9
1TTG,A,1609,V,A,3.0
1TTG,A,1611,A,G,1.4
1TTG,A,1627,I,V,0.3
1TTG,A,1629,Y,A,1.05
1UBQ,A,614,K,E,-0.6
1UBQ,A,621,I,A,3.15
1UBQ,A,635,K,A,2.33
1UWO,A,4,L,A,0.45
1UWO,A,4,L,S,0.8
1UWO,A,8,M,A,1.9
1UWO,A,12,I,A,1.55
1UWO,A,15,F,A,4.2
1WQ5,A,22,F,L,-1.05
1WQ5,A,28,P,A,1.97
1WQ5,A,37,I,A,3.3
1WQ5,A,49,E,A,-0.36
1WQ5,A,49,E,C,-2.1
1WQ5,A,49,E,D,0.2
1WQ5,A,49,E,F,-1.5
1WQ5,A,49,E,G,0.2
1WQ5,A,49,E,H,-0.99
1WQ5,A,49,E,I,-3.46
1WQ5,A,49,E,K,0.3
1WQ5,A,49,E,L,-2.91
1WQ5,A,49,E,M,-2.2
1WQ5,A,49,E,N,0.3
1WQ5,A,49,E,P,-0.32
1WQ5,A,49,E,Q,0.03
1WQ5,A,49,E,S,0.1
1WQ5,A,49,E,T,-0.18
1WQ5,A,49,E,V,-1.75
1WQ5,A,49,E,W,0.07
1WQ5,A,49,E,Y,-0.45
1WQ5,A,50,L,A,2.25
1WQ5,A,96,P,A,0.45
1WQ5,A,99,L,A,3.05
1WQ5,A,132,P,A,0.3
1WQ5,A,139,F,W,0.43
1WQ5,A,175,Y,C,0.47
1WQ5,A,176,L,A,3.0
1WQ5,A,207,P,A,1.3
1WQ5,A,211,G,D,0.65
1WQ5,A,211,G,E,-0.75
1WQ5,A,211,G,R,0.1
1WQ5,A,211,G,S,0.2
1WQ5,A,211,G,V,-0.8
1WQ5,A,211,G,W,1.12
1WQ5,A,234,G,D,-2.55
1WQ5,A,234,G,K,-0.15
1WQ5,A,258,F,W,0.37
1YCC,A,58,N,M,-2.67
1YCC,A,58,N,S,0.25
1YCC,A,75,T,E,-1.4
1YCC,A,79,K,W,1.55
1YCC,A,102,T,A,-0.9
1YCC,A,108,C,T,-1.95
2ABD,A,13,V,A,1.64
2ABD,A,16,L,A,3.2
2ABD,A,20,P,A,1.04
2ABD,A,26,L,A,1.37
2ABD,A,29,Y,A,2.58
2ABD,A,29,Y,F,1.13
2ABD,A,29,Y,N,2.32
2ABD,A,32,Y,N,1.54
2ABD,A,33,K,A,1.16
2ABD,A,33,K,E,1.64
2ABD,A,33,K,R,1.92
2ABD,A,34,Q,A,3.55
2ABD,A,35,A,G,1.44
2ABD,A,36,T,A,1.26
2ABD,A,45,P,A,1.35
2ABD,A,55,K,A,0.99
2ABD,A,55,K,M,-0.05
2ABD,A,74,Y,A,4.77
2ABD,A,78,V,A,1.35
2ABD,A,81,L,A,4.0
2AFG,A,31,C,S,1.8
2AFG,A,36,H,Y,-0.7
2AFG,A,59,L,F,-0.1
2AFG,A,59,L,P,-0.3
2AFG,A,88,L,V,1.2
2AFG,A,98,C,S,1.7
2AFG,A,108,H,G,-1.0
2AFG,A,117,H,Y,-0.3
2AFG,A,132,C,S,0.5
2AFG,A,147,F,W,0.0
2AKY,A,79,T,H,1.5
2AKY,A,112,T,H,2.35
2CI2,I,22,K,A,0.74
2CI2,I,23,T,A,0.85
2CI2,I,23,T,G,1.15
2CI2,I,23,T,V,0.55
2CI2,I,26,P,A,-0.91
2CI2,I,27,E,A,0.9
2CI2,I,28,L,A,2.42
2CI2,I,31,K,A,0.4
2CI2,I,32,S,A,0.8
2CI2,I,32,S,G,0.6
2CI2,I,34,E,D,0.36
2CI2,I,34,E,N,0.42
2CI2,I,34,E,Q,0.57
2CI2,I,36,A,G,1.2
2CI2,I,37,K,A,0.62
2CI2,I,37,K,G,1.8
2CI2,I,39,V,A,0.13
2CI2,I,40,I,V,1.1
2CI2,I,41,L,A,1.28
2CI2,I,41,L,G,1.73
2CI2,I,42,Q,A,0.27
2CI2,I,42,Q,G,0.77
2CI2,I,43,D,A,1.02
2CI2,I,44,K,A,0.47
2CI2,I,44,K,G,3.3
2CI2,I,45,P,A,0.52
2CI2,I,46,E,A,0.11
2CI2,I,49,I,A,3.02
2CI2,I,49,I,G,3.35
2CI2,I,49,I,V,0.74
2CI2,I,52,L,A,2.17
2CI2,I,52,L,I,0.8
2CI2,I,52,L,V,0.73
2CI2,I,53,P,A,0.4
2CI2,I,54,V,A,0.71
2CI2,I,54,V,G,2.38
2CI2,I,54,V,T,1.11
2CI2,I,56,T,A,0.6
2CI2,I,56,T,S,0.5
2CI2,I,56,T,V,1.09
2CI2,I,57,I,A,0.67
2CI2,I,58,V,A,1.05
2CI2,I,59,T,A,0.7
2CI2,I,61,E,A,0.9
2CI2,I,63,R,A,0.79
2CI2,I,65,D,A,0.9
2CI2,I,67,V,A,4.94
2CI2,I,69,L,A,3.71
2CI2,I,70,F,A,3.58
2CI2,I,70,F,L,2.0
2CI2,I,70,F,V,1.9
2CI2,I,71,V,A,1.74
2CI2,I,72,D,A,3.3
2CI2,I,73,K,N,0.9
2CI2,I,76,N,A,0.96
2CI2,I,76,N,D,1.33
2CI2,I,77,I,A,4.25
2CI2,I,78,A,G,1.73
2CI2,I,80,V,A,1.5
2CI2,I,80,V,G,2.95
2CI2,I,80,V,T,0.65
2CI2,I,81,P,A,3.38
2CI2,I,83,V,A,1.42
2CI2,I,83,V,G,3.35
2CI2,I,83,V,T,1.18
2HPR,A,49,G,A,-0.85
2HPR,A,49,G,E,-1.3
2HPR,A,49,G,K,0.9
2Q98,A,55,H,A,-0.65
2Q98,A,58,H,A,-2.4
2Q98,A,74,H,A,-0.7
2Q98,A,87,H,A,-1.05
2Q98,A,125,H,A,-0.65
2Q98,A,166,H,A,-1.2
2Q98,A,201,H,A,0.05
2Q98,A,208,H,A,-0.65
2TRX,A,27,D,I,-3.25
2TRX,A,33,C,A,3.6
2TRX,A,36,C,A,3.05
2TRX,A,67,T,L,1.2
2TRX,A,78,T,V,0.9
2TRX,A,79,L,C,0.0
2TRX,A,79,L,K,2.9
2TRX,A,79,L,R,3.0
2WSY,A,18,A,G,2.12
2WSY,A,18,A,V,1.17
2WSY,A,22,F,I,3.8
2WSY,A,22,F,L,0.1
2WSY,A,22,F,V,2.55
2WSY,A,28,P,A,1.47
2WSY,A,28,P,G,1.07
2WSY,A,49,E,A,-0.8
2WSY,A,49,E,C,-2.8
2WSY,A,49,E,D,-0.8
2WSY,A,49,E,F,-2.9
2WSY,A,49,E,G,0.1
2WSY,A,49,E,H,-2.8
2WSY,A,49,E,I,-6.55
2WSY,A,49,E,K,-0.85
2WSY,A,49,E,L,-6.75
2WSY,A,49,E,M,-3.17
2WSY,A,49,E,N,-0.35
2WSY,A,49,E,P,-0.7
2WSY,A,49,E,Q,0.43
2WSY,A,49,E,S,-0.82
2WSY,A,49,E,T,-0.95
2WSY,A,49,E,V,-2.87
2WSY,A,49,E,W,-0.95
2WSY,A,49,E,Y,-0.5
2WSY,A,96,P,A,1.43
2WSY,A,132,P,A,0.63
2WSY,A,132,P,G,0.4
2WSY,A,139,F,W,0.65
2WSY,A,175,Y,Q,1.64
2WSY,A,207,P,A,0.84
2WSY,A,209,L,V,2.13
2WSY,A,211,G,D,0.55
2WSY,A,211,G,E,-1.1
2WSY,A,211,G,R,0.75
2WSY,A,211,G,V,-0.8
2WSY,A,211,G,W,1.35
2WSY,A,232,I,V,1.96
2WSY,A,234,G,D,-1.7
2WSY,A,234,G,K,-0.1
2WSY,A,258,F,W,1.2
3BLS,A,166,Y,F,1.12
3D2A,A,165,M,E,-1.41
3D2A,A,168,M,P,-1.75
3HHR,A,97,S,A,1.13
3HHR,A,97,S,Q,1.4
3HHR,A,97,S,T,0.2
3HHR,A,97,S,V,1.25
3HHR,A,100,E,A,0.93
3HHR,A,100,E,D,1.3
3HHR,A,100,E,L,1.0
3HHR,A,100,E,Q,0.7
3HHR,A,100,E,S,1.0
3HHR,A,100,E,T,1.13
3MBP,A,74,P,S,0.87
3MBP,A,81,D,N,-0.35
3MBP,A,133,P,S,-0.12
3MBP,A,134,I,A,2.4
3MBP,A,159,P,A,0.55
3MBP,A,159,P,S,2.2
3MBP,A,252,I,A,4.25
3MBP,A,302,A,G,1.47
3PGK,A,49,Y,W,2.6
3PGK,A,123,Y,W,2.83
3PGK,A,195,F,W,2.23
3PGK,A,400,L,W,3.87
3SSI,A,44,V,A,5.16
3SSI,A,44,V,F,4.54
3SSI,A,44,V,G,8.5
3SSI,A,44,V,I,0.67
3SSI,A,44,V,L,2.1
3SSI,A,44,V,M,4.68
3SSI,A,104,M,A,-0.2
3SSI,A,104,M,D,-0.93
3SSI,A,104,M,E,-0.49
3SSI,A,104,M,I,0.93
3SSI,A,104,M,K,-0.32
3SSI,A,104,M,L,0.43
3SSI,A,104,M,V,0.62
3SSI,A,134,M,A,2.03
3SSI,A,134,M,G,6.12
3SSI,A,134,M,I,1.8
3SSI,A,134,M,V,1.67
451C,A,65,E,Y,-0.65
451C,A,100,V,I,-0.95
4BLM,A,140,S,C,-1.6
4BLM,A,277,S,C,1.77
5AZU,A,27,I,S,4.1
5AZU,A,40,I,A,1.9
5AZU,A,42,V,A,1.55
5AZU,A,101,I,A,2.0
5CRO,A,16,Q,L,-2.1
5CRO,A,26,Y,C,-1.65
5CRO,A,26,Y,D,-2.05
5CRO,A,26,Y,H,-1.4
5CRO,A,26,Y,L,-0.85
5CRO,A,26,Y,Q,-1.05
5CRO,A,26,Y,V,-0.7
